0,1,2,3,4,5,6,7,8,9,10,11,12,13,14,15,16,17,18,19,20,21,22,23,24,25,26,27,28,29,date
国家主席习近平发表二〇二〇年新年贺词,决胜全面小康迈向新的征程（社论）,用汗水浇灌收获以实干笃定前行,全国政协举行新年茶话会,在全国政协新年茶话会上的讲话,历史性成就的深刻启示（人民论坛）,只争朝夕不负韶华,在全国政协新年茶话会上的讲话,丹青书盛世妙笔颂华章,新年戏曲晚会在京举行,中国高铁强劲奔跑,温暖人心振奋人心,脱贫攻坚万众一心加油干,中俄两国元首互致新年贺电,公布《中华人民共和国外商投资法实施条例》,只争朝夕不负韶华,国家主席习近平发表二〇二〇年新年贺词,“伟大历程辉煌成就——庆祝中华人民共和国成立70周年大型成就展”圆满落幕,习近平《在庆祝澳门回归祖国二十周年大会暨澳门特别行政区第五届政府就职典礼上的讲话》单行本出版,温暖人心振奋人心,新年戏曲晚会在京举行,全国政协举行新年茶话会,广告,广告,空,空,空,空,空,空,01_01
决胜脱贫在今朝,勇立潮头御风行,爱国主义精神构筑起民族的脊梁,坚持和完善中国特色社会主义制度,让我们一起奔跑（人民论坛）,坚定信心，让梦想照进现实（人民观点）,不惧风雨不畏险阻(和音),历史交汇点上的伟大宣示（大家手笔）,不断开辟“中国之治”新境界,全面小康冲锋号已经吹响,让初心始终闪耀,根治欠薪彰显治理温度（人民时评）,给扶贫干部最坚强的后盾（一线视角）,确保实现国家治理体系和治理能力现代化（新知新觉）,激发数字经济“牵引力”（新论）,迈进新的一年奋斗只争朝夕,万众一心加油干,今年首场升国旗仪式举行,勇立潮头御风行,领航定向坚定前行,赢得口碑与收视双丰收（光影视界）,在守正创新中培根铸魂,“我们的心贴得更近了”,“阜阳夜话”，架起沟通桥梁（守初心担使命找差距抓落实·深入开展“不忘初心、牢记使命”主题教育·记者观察）,老兵的本色,融资降成本源头活水来（经济聚焦）,欢度元旦快乐运动,携手合作共发展,高水平开放助推高质量发展,当一天村干部，就要扎实干一天事（新时代·面孔）,01_02
初心和使命是走好新时代长征路的不竭动力,彩云长在有新天,以普通人的平凡书写不平凡的人生（人民论坛）,求真务实，书写历史新篇章（人民观点）,把新发展理念作为指挥棒（声音）,紧紧围绕党和国家工作大局全面履行职责坚持依法审计完善体制机制,向全军发布开训动员令,行走黄河看巨变,发挥党建引领作用（中国道路中国梦·奋战在基层一线（30））,多方发力，破解蓄电池回收难题（人民时评）,彩云长在有新天,推动新时代改革开放走得更稳走得更远,古村希望(寻找最美乡村),听，人与长河的交响（人民眼·行走黄河（上））,主塔墩钢沉井完成定位,谱写新时代改革开放新篇章（大家手笔）,巩固拓展减税降费成效从严从紧管好财政支出确保全面建成小康社会和“十三五”规划圆满收官,激发东西部扶贫协作合力（一线视角）,努力使各方面制度更加成熟更加定型（新知新觉）,彼此信任驰而不息（大使随笔）,老楼换梯如何破题（倾听·关注电梯安全）,空中步道风景独好,塑造典型人物为时代传神写照（高峰之路）,突出时代精神彰显经典魅力（作品品鉴）,用自己的双手创造幸福生活,房贷利率变化对你有何影响（经济聚焦）,群众烦心事，就是要紧事（守初心担使命找差距抓落实·深入开展“不忘初心、牢记使命”主题教育·整改落实）,让编制资源“活”起来（改革落实在基层）,建设高素质专业化事业单位工作人员队伍,一鼓作气、乘势而上坚决夺取脱贫攻坚战的全面胜利,01_03
万众一心加油干越是艰险越向前,我家门前,好诗三“道”（大地漫笔）,时光里的黄姚,一条鱼的故事,礼赞新中国奏响最强音,抓好黄河流域生态保护和高质量发展,二十三户村民凿出幸福路（记录中国）,坚决歼灭最后的贫困堡垒,全国宣传部长会议在京召开,南极不难及冰上有奇遇,李克强主持召开国务院常务会议,不夜港渔家忙（寻找最美乡村）,解了难题顺了心气（十九届四中全会精神在基层）,用镜头留住美丽冬天,“鼓浪屿”号邮轮厦门成功启航,礼赞新中国奏响最强音,国家主席习近平任免驻外大使,通报10起“四风”问题典型案例,图片报道,贯彻新时代军事战略方针大抓实战化军事训练,《习近平在厦门》《习近平在宁德》出版发行,不忘初心牢记使命努力争当科技强军先锋,新春近民俗乐,图片报道,电梯安全咋上保险（倾听·关注电梯安全）,“中国朋友帮我们实现了‘太空梦’”,中国“朋友圈”越来越大（记者手记）,习近平同蒙古国总统巴特图勒嘎互致新年贺电,《科学》杂志展望2020年十大科学头条,01_04
向世界展示一个文明开放包容的中国,脱贫了还要好好干（总书记来过我们家）,绿色发展，打造黄金经济带,“历经风雨，我们更有底气”（身边看“六稳”（16））,只要有信心黄土变成金（今日谈）,巴尔扎克的“中国情结”,“中国历史和文化令我着迷”（海客谈神州）,文物建筑维修中的保护和传承（文明之声）,图片报道,高空建索道连通悬崖村,把研究和推广中华文化作为一生的事业（深聚焦）,高校怎样上好“关键课程”(凭栏处),考古揭示的早期城市化信息,提前学拼音,桑岛上温暖的故事,为托马斯·巴赫画像,“用上了自己国家的油，我们非常自豪”,为了更加美好的明天（观沧海）,陈国强严重违纪违法被开除党籍和公职,家门口乐购进口货,助力“跨越式”奔小康,让执行难不再是“老大难”(国家治理的基层实践),义乌桥头遗址（考古进行时）,赵正永严重违纪违法被开除党籍,国务院任免国家工作人员,点石成金的工作队,培养扎根中国大地的医学人才(面对面),老挝政府总理通伦,人民币占全球外储比例创新高,图片报道,01_05
为实现新时代党的历史使命不懈奋斗,以优良作风凝聚决战决胜磅礴力量,扎实苦干，用奋斗成就未来（人民观点）,中共中央印发《中国共产党党和国家机关基层组织工作条例》,中共中央印发《中国共产党国有企业基层组织工作条例（试行）》,为人才搭“桥梁”竖“阶梯”（人民时评）,推动机关党的建设始终走在前、作表率,新时代机关党的建设的制度保证,有实力有底气有信心（大家手笔）,为国有企业强“根”铸“魂”,助力企业家完成创业“剧本”（声音）,“厕所革命”是一项系统工程,《习近平关于中国特色大国外交论述摘编》出版发行,绿与美（金台随感·“生态笔谈”①）,高铁穿越八达岭（新时代之光）,万里长江绿意浓,中医学发展须守正创新（新论）,雪落有人知,运用制度威力应对风险挑战的冲击,拉林铁路施工忙,楠树湾访楠,深入学习习近平外交思想，努力开创中国特色大国外交新局面,确保剩余贫困人口全部如期脱贫,扶贫特色产业惠及千家万户,夜未央灯如昼,保障“中国号”巨轮行稳致远（新知新觉）,为实现新时代党的历史使命不懈奋斗,坚定不移贯彻新发展理念,玉山亘野琼林分道,她在最困难的时候奋力向前（为梦想奔跑）,01_06
说说“年代感”（人民论坛）,为实现中华民族伟大复兴中国梦凝神聚力（权威访谈）,住得更暖心过得更舒心（总书记来过我们家）,让“金色名片”永远熠熠生辉（评论员观察）,长江滚滚向前生活蒸蒸日上,显著优势铸就“四个自信”,习近平同基里巴斯总统马茂会谈,让统战工作在基层实起来（声音）,以高质量党建推动国有企业高质量发展,编纂凝聚中国智慧的民法典（人民时评）,强大治理效能令人信服（大家手笔）,以文为鉴可观天下,把我国制度优势充分发挥出来（新知新觉）,以法治守护生活安宁,一个来了还想再来的图书馆,着力提升中外合作办学水准（新论）,让群众的幸福稳稳的（今日谈）,这批年轻人，网上“务正业”（大数据观察·网聚青年力量）,用通俗理论读物讲好中国之治,致富道路越走越稳,公布专项整治漠视侵害群众利益问题阶段性工作成果,把温暖的种子播撒大地（爱国情奋斗者）,打好“开放牌”念好“山海经”,习近平会见老挝总理通伦,科学规划让城市更美好（开卷知新）,畅通服务群众“最后一百米”（守初心担使命找差距抓落实·深入开展“不忘初心、牢记使命”主题教育·整改落实）,“让我们一起跳南旺舞”,坚定“四个自信”的基本依据（我国国家制度和国家治理体系具有多方面的显著优势）,图片报道,《习近平庆祝中华人民共和国成立70周年重要讲话》出版发行,01_07
永葆中国共产党人的初心本色,听取全国人大常委会、国务院、全国政协、最高人民法院、最高人民检察院党组工作汇报听取中央书记处工作报告,让广大基层干部轻装上阵（评论员观察）,坚守初心使命必须坚定制度自信（深入学习贯彻习近平新时代中国特色社会主义思想）,科技创新筑牢强国之基（人民论坛）,家门口上班靠双手干出好日子(新春走基层·脱贫攻坚一线见闻),胸怀两个大局迈上新的征程（思想纵横）,把不忘初心、牢记使命作为终身课题（治理之道）,公布《保障农民工工资支付条例》,从“新京张”看百年巨变（人民时评）,那稻那鹭那人（新时代之光）,清洁能源动力强劲,永葆中国共产党人的初心本色,将“改”字贯穿主题教育全过程（有的放矢）,实现生态效益、经济效益的最大化（评论员观察）,老人与树（金台随感·“生态笔谈”②）,土地生暖（泥土芬芳）,正风反腐，让群众有更多获得感,比捐款更宝贵的是精神财富（纵横）,明确目标任务加强组织领导推动人口普查工作顺利实施,激活老旧厂房的文化价值（一线视角）,北京城市副中心拉开建设框架,带足工钱回家过年（权威发布）,我的工作在线上（大数据观察·网聚青年力量）,聚焦脱贫攻坚展示奋进中国,走出大山的希望（守初心担使命找差距抓落实·深入开展“不忘初心、牢记使命”主题教育·身边的初心使命）,高峡平湖橙黄山绿（寻找最美乡村·家在长江边①）,冰雪世界,以新金融履践初心使命锻造政治忠诚,庆鱼年,01_08
以主题教育为新的起点持续推动全党不忘初心牢记使命,在“不忘初心、牢记使命”主题教育总结大会上的讲话,新时代党的自我革命的生动实践,作风建设永远在路上（评论员观察）,永葆人民军队性质宗旨本色（人民论坛）,万众一心加油干（思想纵横）,擦亮基层群众的幸福底色（治理者说）,李克强主持召开国务院常务会议,坚定制度自信续写华彩篇章（深入学习贯彻习近平新时代中国特色社会主义思想）,把家风建设融入传统节日,于大变局中彰显使命担当,在“全球坐标系”中谋发展（一线视角·聚焦全面建成小康社会①）,进一步激发市场蕴藏的活力（人民时评）,传统与现代的邂逅（寻找最美乡村）,全面推进基层政务公开标准化规范化,返乡入乡创业政策支持力度加大,基层政务公开有了时间表,“人类历史上最不同寻常的经济发展故事”（外媒看中国）,岚县:“山药蛋”变得“高大上”（新春走基层·脱贫攻坚一线见闻）,书，尽情听（文化市场新观察）,画里有话,让“流动的中国”更加平安温馨,新中国峥嵘岁月,让高校思政课更具亲和力针对性（有的放矢）,对赵正永、陈国强决定逮捕,把党建压实到每一个细节（国企党建典型）,火树银花映了溪,服务国家战略展现江苏作为（推进长三角一体化建设）,彭丽媛会见美国茱莉亚学院院长沃泽尔,合作共享的科技未来值得期待（和音）,01_09
始终做到初心如磐使命在肩,认真学习贯彻习近平总书记在“不忘初心、牢记使命”主题教育总结大会上的重要讲话,创新，在复兴的征程上,倡导“办事不求人”的风气(人民论坛),激发走好新时代长征路的不竭动力（评论员观察）,用制度为“居有所安”护航（人民时评）,新时代深化党的自我革命的生动实践,不断培厚创新的沃土,破解停车难题，畅通生命通道（新论）,社会主义基本经济制度是党和人民的伟大创造(深入学习贯彻党的十九届四中全会精神),有语言力度，更要有思想深度（作品品鉴）,全国统战部长会议在京召开,从体系层面认识和把握制度（思想纵横）,喜出深山（记录中国·暖暖的新家）,习近平就乌克兰客机坠毁分别向乌克兰总统泽连斯基、伊朗总统鲁哈尼致慰问电,来论·春运,春运大幕今日拉开（权威发布）,图片报道,加快完善医疗保障体系扎实做好医疗保障工作为保障改善民生作出更大贡献,筑牢根基行稳致远（名师谈艺）,黄土高坡治出黄河新面貌（人民眼·行走黄河（中））,神舟二十载问天不停歇（讲述·特别报道）,改革激发纪检监察工作新活力,串起一带一路上耀眼的明珠,为推进新型经济全球化贡献中国力量（有的放矢）,为实体经济提供高质量金融服务（新知新觉）,油菜花开春先到(寻找最美乡村),中东和平稳定是世界所盼（国际论坛）,不断满足广大老年人健康养老需求,唱响铁路高质量发展最强音,01_10
中共中央国务院隆重举行国家科学技术奖励大会,把学习贯彻党的创新理论作为思想武装重中之重,走近国家最高科学技术奖得主,大沙漠与聚宝盆（金台随感·“生态笔谈”③）,在国家科学技术奖励大会上的讲话,又闻栗子香,华彩的海滩（新时代之光）,沃土白杨,2019年中国考古新发现,传承千载情携手谱新篇（国际时评）,国务院关于2019年度国家科学技术奖励的决定,踏实干，才能有好日子（新春走基层·脱贫攻坚一线见闻）,新时代开展党内集中教育的新探索,穿过人海回家团聚,习近平将对缅甸进行国事访问,城市空间，如何用好“金角银边”（体育大看台）,穿越飞石,全国政协召开网络议政远程协商会,习近平《在“不忘初心、牢记使命”主题教育总结大会上的讲话》单行本出版,在探索扶贫与发展的道路上笃定前行,对民警人身进行攻击属暴力袭警，从重处罚,2019十大经济年度人物揭晓,十九届中央第四轮巡视全部反馈完毕,“赋予‘胞波’情谊更深的时代内涵”,图片报道,坚持以人民为中心打造人大信访工作新平台,“最美铁路人”先进事迹向社会公开发布,雪趣,“最美退役军人”首场先进事迹报告会举行,2019年国家科技奖获奖项目五大特点,01_11
强大的政党是在自我革命中锻造出来的,致富奔小康心气格外足（总书记来过我们家）,“中国天眼”正式开放运行,新时代夺取新胜利的根本遵循,聚焦“精准”下功夫（今日谈）,中共中央台办、国务院台办发言人就台湾地区选举结果发表谈话,画当“得意”（名师谈艺）,2020年台湾地区领导人选举结果揭晓,一个德国人眼中的中国复兴之路（书写新中国故事）,团圆之路有人守护,为美术事业健康发展提供深厚支撑,吴哥行，拥抱变永恒（旅人心语）,在现场,重拾“蔚蓝之舟”的文化身份,这一年，我与村庄共成长(青春派·青春奋进新时代⑧),-26℃，我随官兵守“东极”(记者探营),传统文化迎新春,让长征精神深入人心,外交部发言人就台湾选举答记者问,共同为中国发展、人类进步贡献力量,全面小康之年，让回家的路更温馨、更安全,胡怀邦严重违纪违法被开除党籍,春运首日发送旅客近七千万人次,打造和睦相处、合作共赢的典范,检察更有深度监督更显力度（第一落点·关注巡回检察②）,北京服务业扩大开放不停步（进一步做好“六稳”工作）,“我们对中国市场越来越有信心”,李克强向西班牙首相桑切斯致贺电,十二生肖文创展亮相首尔,我国建成200余个智能化采煤工作面,01_12
发扬斗争精神勇于担当作为,永葆初心本色，书写全面从严治党新篇章,现在的生活美好又踏实（总书记来过我们家）,全面从严治党，凝聚磅礴伟力（评论员观察）,让制度红利不断“显化”（人民论坛）,为实现民族复兴提供坚强制度保障（权威访谈）,大地的回响,河流与乡愁（金台随感·生态笔谈④）,住新房过大年,靠创新力量支撑共享经济更好发展（人民时评）,带着问题学（大家手笔）,栖息云龙湖,推动聚合支付平台规范发展（人民时评）,来论,助力设施农业健康发展（一线视角·聚焦全面建成小康社会②）,白发仍少年热血著文章（守初心担使命找差距抓落实·深入开展“不忘初心、牢记使命”主题教育·身边的初心使命）,巩固发展反腐败压倒性胜利,瞩目“最具吸引力的地方”（和音）,马克思主义哲学文本研究回顾与展望（构建中国特色哲学社会科学）,一物一码疫苗亮出身份证（政策解读）,预付费风险，如何防范？（来信调查）,餐饮船上岸记（第一落点·破解基层治理难题）,结合实践研读哲学文本（学苑论衡）,把好政策送到群众心坎上（今日谈）,茶苗管护正当时,建议,新中国峥嵘岁月,幸福路把幸福串成串（新春走基层·脱贫攻坚一线见闻）,我的旅游我做主（经济聚焦·新职业看新需求②）,干部有劲头老乡有盼头（暖相册）,01_13
一以贯之全面从严治党强化对权力运行的制约和监督,推动不忘初心牢记使命制度落实落地,走好新时代的长征路（人民论坛）,我国国家制度和国家治理体系的深厚历史底蕴（深入学习贯彻党的十九届四中全会精神）,法律之盾让执法者更有底气（人民时评）,中央军委举行慰问驻京部队老干部迎新春文艺演出,厚植“中国之治”的文化根基（大家手笔）,打造充满活力的城市之治（新论）,良好家教家风助力基层社会治理（新知新觉）,治理黄河，重在保护，要在治理（声音）,出窑洞搬上楼（记录中国·暖暖的新家）,好诗词蕴藉高尚情操（名师谈艺）,划安全红线定质量底线（权威发布）,房子重建帮扶不变（政策解读·摘帽之后）,担起绿色发展的企业责任,从历史中汲取智慧和力量（新书评介）,坚持以人民为中心的创作导向（高峰之路）,充分发挥榜样力量激励干部群众立足岗位奋斗奉献、建功立业,把“问题清单”变成“满意清单”（守初心担使命找差距抓落实·深入开展“不忘初心、牢记使命”主题教育·整改落实）,打好组合拳严惩恶意欠薪（纵横）,政务微信公号过滥，关！（干部状态新观察·基层减负进行时）,互联网释放文学生产力（关于网络文学的对话①）,工业经济稳发展质量高（经济发展亮点多韧性足）,赶大集真热闹,站台上，我给妈妈画“手表”（暖相册·春运故事）,关键时刻让党信得过（红船观澜）,中华人民共和国外商投资法实施条例,风餐露宿探寻地球宝藏（讲述·一辈子一件事）,开展“最美基层高校毕业生”学习宣传活动,普惠型小微贷款余额去年末增25%,01_14
新时代党治国理政的一个鲜明特征,习近平同党外人士共迎新春,为基层松绑减负促干部担当作为,以赶考心态向党和人民交出满意答卷,别把“结果”当“效果”（纵横）,把“严”的主基调长期坚持下去,坚持科学导向奋力追赶超越（深入学习贯彻习近平新时代中国特色社会主义思想）,深刻认识和把握改革规律进一步改进工作方式方法,讨论《政府工作报告（征求意见稿）》,玉兰花香,豆花儿三开（泥土芬芳）,开放合作，引领世界经济持续发展（评论员观察）,裸鲤与青海湖（金台随感·“生态笔谈”⑤）,公正司法让见义勇为更有底气（人民时评）,书写共享发展新篇章,为基层松绑减负促干部担当作为,民企首次成外贸第一大主体（权威发布）,把握稳与进的医改辩证法（一线视角·聚焦全面建成小康社会③）,加强新时代爱国主义教育（治理之道）,保障人民参与国家和社会治理（大家手笔）,为乡村振兴提供新动能（新知新觉）,群众烦心事件件有回音,“我对中国充满感激”,军队“不忘初心、牢记使命”主题教育总结大会召开,好日子加了“双保险”（新春走基层·脱贫攻坚一线见闻）,废旧家电如何规范回收（倾听·关注垃圾分类和资源化利用）,麻丝捻船滴水不漏（工匠绝活）,老小区“改”出新品质（产经观察）,图片报道,乡村“慢生活”,01_15
中国共产党第十九届中央纪律检查委员会第四次全体会议公报,坚持以伟大自我革命引领伟大社会革命,中美签署第一阶段经贸协议,新风正气从哪里来（人民论坛）,朝着解决问题的方向前进了一步（钟声）,坚持平等和相互尊重原则解决双方关切实现互利共赢,坚持历史唯物主义不断开辟,擦亮“平安中国”的国家名片,“一份互利共赢的协议”,平等·互利·共赢,敦煌守护人,创新发展，为全球经济增长添动能（评论员观察）,一以贯之、坚定不移全面从严治党,李克强主持召开专家学者和企业界人士座谈会,全国政协邀请已故知名人士的夫人茶话迎春,构建基层社会治理新格局（治理之道）,探索“高精尖缺”人才培养新机制（人民时评）,科学打好净土保卫战（大家手笔）,以科技创新筑牢强国之基（人民时评）,坚决打好打胜污染防治攻坚战（深入学习贯彻习近平新时代中国特色社会主义思想）,守护好春节返乡路,探索数字创意产业高质量发展路径（有的放矢）,刘鹤分别会见国际组织负责人和美国工商界代表,“一所学校就是一个希望”,根在敦煌相守不离,打造更多“硬科技”企业（新论）,江水悠悠古韵传承（寻找最美乡村·家在长江边②）,央企运行质量稳步提升（权威发布）,行走悬崖清理垃圾,“人民一号”成功发射,01_16
中共中央政治局召开会议,用转型升级激发长远动力（人民论坛）,坚持以科学理论引领全党理想信念,打通快递进村“最后一公里”（人民时评）,续写千年胞波情谊的崭新篇章,李克强主持召开国务院党组会议,习近平应约同越共中央总书记、国家主席阮富仲通电话,协同联动，推动各国共享发展成果（评论员观察）,花卉俏,“反向春运”畅通团圆之路（纵横）,东流入海悬河安澜写新篇（人民眼·行走黄河（下））,打造产业扶贫“生力军”（一线视角·聚焦全面建成小康社会④）,雄安画卷徐徐铺展,为媒体融合发展提供有力保障（人民观察）,让党的声音传得更开更广更深入（观察者说）,展开法治中国的壮阔图景,图片报道,全民医保，群众满满获得感,艺术表达澎湃爱国情怀（高峰之路）,让体育教育更好助力学生成长（大家谈）,统筹处理好“四对关系”（适势求是）,全国人大常委会党组举行会议,高质量建设“两地一区”（推进长三角一体化建设）,6600亿元（权威发布）,脱口秀，追求有温度讲艺术的思想表达（艺海观澜）,切实发挥技术支撑作用（大势所趋）,寒冬谨防血压“爆表”（名医讲堂）,“愿做沙漠中的一滴水”,“日子红火了，心里舒坦”（新春走基层·脱贫攻坚一线见闻）,主题教育中央指导组、巡回督导组工作总结会议召开,01_17
节约与风尚（金台随感·“生态笔谈”⑥）,腊月,艾溪湖湿地的美（新时代之光）,人均1万美元，了不起（权威发布）,习近平同缅甸总统温敏会谈,习近平会见缅甸国务资政昂山素季,坚持以“两个维护”引领全党团结统一,习近平抵达内比都,习近平出席中缅建交70周年系列庆祝活动暨中缅文化旅游年启动仪式,在中缅建交70周年系列庆祝活动暨中缅文化旅游年启动仪式上的致辞,着力提高政法工作现代化水平,习近平出席缅甸总统温敏举行的欢迎仪式,开放合作是顺应大势之举（钟声）,我国人均GDP突破1万美元,迎新春过大年,幸福像花儿一样（逐梦小康）,国务院任免国家工作人员,中缅互利合作释放更多惠民红利,为世界各国提供更多发展机遇,习近平出席中缅建交70周年系列庆祝活动暨中缅文化旅游年启动仪式,习近平同缅甸联邦议会议长兼人民院议长,确保春节期间猪肉市场供应稳定,李克强同在华外国专家举行新春座谈会,全国政协党组举行集体学习,支持国家级新区深化改革创新,国防部举行2020年新春招待会,户户有营生日子有奔头（新春走基层·脱贫攻坚一线见闻）,坚决落实一以贯之全面从严治党要求,习近平出席缅甸总统温敏举行的欢迎宴会,习近平同缅甸主要政党领导人集体合影留念,01_18
莫道君行早是处有亲朋,习近平同缅甸国务资政昂山素季会谈,反“四风”，绝不容许有“七年之痒”,坚持以正风肃纪反腐凝聚党心军心民心,那是一个真正的历史性时刻（国际论坛）,习近平会见缅甸国防军总司令敏昂莱,名家新作,啥都能看清我家脱了贫（新春走基层·脱贫攻坚一线见闻）,坚定信心克难前行（观沧海）,习近平同越共中央总书记、国家主席阮富仲互致贺电,民间美术山花烂漫,全面整改便利群众出行,一部辞书，闪闪发光的坐标,中央军委印发新修订的《军队基层建设纲要》,高校成为脱贫攻坚生力军（深聚焦）,青春的肖像（经典流芳）,抱起我心爱的小羊羔,努力开创新时代政法事业新局面,思政课要聚焦价值塑造（凭栏处）,携手构建中缅命运共同体（国际时评）,中华人民共和国和缅甸联邦共和国联合声明,在现场,汪洋主持召开全国政协主席会议,开启两国世代友好往来的新篇章,营造都市“童梦森林”（在一线）,联合发布二〇一九年“诚信之星”,拳拳赤子心（微言）,2019年全国共查处违反中央八项规定精神问题136307起,“我要做阿根廷的马可·波罗”（海客谈神州）,习近平结束对缅甸国事访问回到国内,01_19
以全面从严治党新成效推进国家治理现代化,“君子检身，常若有过”（人民论坛）,勉励他们把“硬骨头精神”发扬光大把连队建设得更加坚强,李荣融同志逝世,基层治理须提升群众舒适度（治理者说）,落实“四个最严”要求切实增强责任感紧迫感牢牢守住食品安全底线,2020年对台工作会议在京召开,老旧小区，好看更要宜居（一线视角）,保供气迎佳节,铁路春运之变彰显发展哲学（人民时评）,冲锋向前决胜小康,辽宁“飞地经济”强动能,在经济全球化进程中破解难题（钟声）,郭锡权同志逝世,浦寿昌同志逝世,感受跨越时空的思想魅力（大使随笔）,好演员要有两种气（名师谈艺）,巩固拓展减税降费成效（人民时评）,月度指标彰显经济积极变化,打造在国际上最具竞争力的海关监管体制机制（权威访谈）,驯马成景,推动香港“一国两制”事业行稳致远（深入学习贯彻习近平新时代中国特色社会主义思想）,画好同心圆赢得互动与共鸣（光影视界）,新中国峥嵘岁月,揭示“幸福里”的幸福秘密,文化传承乡土生动（寻找最美乡村）,你的“经济身份证”升级了（经济聚焦）,记者体验春运一线（新春走基层）,精准投资有效投资（热点辨析）,促进生态环境质量持续好转（新知新觉）,01_20
要把人民群众生命安全和身体健康,向全体人民解放军指战员武警部队官兵民兵预备役人员致以新春祝福,把外部压力转化为改革动力（人民论坛）,在年味中感受文化的魅力（评论员观察）,李克强主持召开国务院常务会议,坚定不移推动媒体融合向纵深发展（深入学习贯彻习近平新时代中国特色社会主义思想）,还原情境再现人格,顶住压力稳住了“基本盘”（权威发布）,经常扪心自问答好终身课题,全面提升林草治理体系和治理能力现代化水平（权威访谈）,以生态留人靠文化引人（一线视角·聚焦全面建成小康社会⑤）,汇聚爱国主义的硬核力量（思想纵横）,用好书助力青少年成长（书里书外）,顺应历史潮流才能乘势而上（国际论坛）,“这是人类社会发展史上的奇迹”,依法治欠，为农民工“护薪”（人民时评）,民营企业要增强信心坚定不移走高质量发展道路,筑牢粮食安全的产业基础（纵横）,当信息时代遇上“量子”（开卷知新）,发布《军队监察工作条例（试行）》,新中国峥嵘岁月,依法科学有序防控坚决遏制疫情扩散,不断探索媒体融合新路径（新知新觉）,脱贫汉子忙“扩产”（新春走基层）,菜市建在家门口,大数据看春节消费升级（大数据观察）,大力弘扬乌兰牧骑的优良传统,农村新娘拒“彩礼”（新春走基层）,灯笼高挂年味浓,栗战书主持召开部分全国人大代表座谈会,01_21
乡村，大好年景,向全国各族人民致以美好的新春祝福,在和谐中呈递文明的名片（评论员观察）,中国经济再写新篇章（经济形势理性看）,关怀道德模范弘扬榜样力量,巧换赛道天地宽（一线视角）,这一年，生活变了样（新春走基层·返乡路上看变化）,确保全面建成小康社会圆满收官（思想纵横）,新疆反恐的成功经验（新论）,以服务品质留住付费会员（人民时评）,国家政务信息化项目建设管理办法,习近平春节前夕赴云南看望慰问各族干部群众,韩正访问瑞士,中国元素助推“文化出海”,遵循客观规律持续改善民生（有的放矢）,韩正出席达沃斯世界经济论坛2020年年会并致辞,新中国峥嵘岁月,中缅共命运胞波情谊长,新一年，逐梦再出发（新春走基层·一起守护幸福年）,促进数据要素有效参与价值创造和分配（新知新觉）,把统帅激励关怀化为强军兴军强大动力,32个部门建立联防联控机制,党建成了发展“金钥匙”（国企党建典型）,消费连续六年成第一拉动力（权威发布）,百姓常用药价格降一半,鸡鸣三省大桥通车,武汉多措遏制疫情扩散,解忧到基层履职进社区,国内确认291例新型冠状病毒肺炎病例,水岸同治,01_22
中央领导同志看望老同志,坚决遏制疫情蔓延（权威发布）,持续推动全党不忘初心牢记使命（深入学习贯彻习近平新时代中国特色社会主义思想）,山水之间守望文明,在团圆中传承优良家风（评论员观察）,在新台阶迈向高质量发展（人民时评）,建立践行初心使命的长效机制（大家手笔）,阿佤人民唱新歌,习近平同法国总统马克龙通电话,和谐春运，情满回家路,壮大发展的力量（钟声）,新中国峥嵘岁月,时节如流千峰竞秀奋斗新时代,扎实做好保障和改善民生工作努力让各族群众生活更好,城乡变化见证美好生活（大家谈）,让更多人看见英雄,习近平同德国总理默克尔通电话,压实责任严格落实坚决遏制疫情扩散蔓延,习近平同意大利总统马塔雷拉分别向2020“中国意大利文化和旅游年”开幕式致贺信,王沪宁看望文化教育界知名人士和科技专家,用制度确保司法公正高效权威,谱写好中国梦的云南篇章,列车联欢迎春送福,发展积极健康的党内政治文化（新知新觉）,图片报道,中国方案，推动全球可持续发展,21日国内新增确诊病例149例,国企主要经济指标持续向好,楹联佳翰墨香,国际合作是共同的需要（国际论坛）,01_23
中共中央国务院举行春节团拜会,在二〇二〇年春节团拜会上的讲话,团结一心、艰苦奋斗，风雨无阻向前进,春节联欢晚会,众志成城防控疫情,奋斗创造历史实干成就未来,感受春节文化魅力（人民论坛）,年的不变与变（我的春节印象）,以节日文化凝聚精神力量,于营村的幸福年,传递正能量作品才长久（关于网络文学的对话③）,梦想的力量荡气回肠,刻画平凡生活中的英雄,中国春节欢乐共享,又到赏梅好时节（绿色家园）,“绿色通道”守护生命（新春走基层·今天我执勤）,新年货折射新变化（新春走基层·春节文化扫描·年货）,“中国文化越来越受到世界关注”（我的中国春节故事）,精检细修保安全,“下社区”变成“在社区”（新春走基层·今天我执勤）,二十二日新增确诊病例一百三十一例,延崇高速正式通车,守卫呼伦湖（新春走基层·今天我执勤）,携手同行再出发（大使新春寄语）,第三届冬青奥会落幕,北京冬奥组委新春送祝福致信赛会志愿者申请人,赏梅胜地越来越多,团结一心、艰苦奋斗，风雨无阻向前进,空,空,01_24
武汉分秒必争抗疫情（新春走基层）,青铜食器钟鸣鼎食（文物有话说）,紧急驰援共赴时艰,好日子是干出来的（总书记来过我们家）,坚决打赢疫情防控攻坚战,奋斗创造历史，实干成就未来（人民论坛）,笑脸是最好的回答（今日谈）,笔翰歌盛世丹彩舞华年,最是“牵挂”暖人心（今日谈）,年夜饭年味浓（新春走基层·晒晒我家年夜饭）,同时间赛跑同历史并进,特殊的拜年,致敬！逆向而行的白衣天使,图片报道,全国农村贫困人口去年减少1109万人,支持俄方关于举行联合国安理会五常峰会的倡议,火树银花,白云黄鹤去满园梅花香（跟着唐诗宋词去旅游）,“最暖心”春晚展现奋进新时代精气神,向中国人民致以新春祝福,陇原大地品年味（新春走基层·春节文化扫描·年味）,23日新增确诊病例259例,警务室里“团圆饭”,广东醒狮威猛提气,南涧跳菜为节日添彩,我在南极过春节（我的春节印象）,紧急驰援共赴时艰,武汉分秒必争抗疫情（新春走基层）,确保人民群众度过一个安定祥和的新春佳节,准备小家的年筹备大家的年,01_25
研究新型冠状病毒感染的肺炎疫情防控工作,奋进新时代共圆小康梦,坚定信心坚决打赢疫情防控阻击战,疫情就是命令防控就是责任（来自疫情防控一线的报道）,抗击疫情，筑起钢铁长城（来自疫情防控一线的报道）,只争朝夕，不负韶华(人民论坛),深入群众见真情（今日谈）,坚定信心打赢疫情防控阻击战,我的家乡变美了（绿色家园）,四海迎新春共庆中国年,在新的历史起点上开启新的篇章（大使新春寄语）,滑雪教练的一天（逐梦小康）,携手汇聚“和”的正能量（和音）,库区老竹林长出新产业（新春走基层·算算农家增收账）,缩龙成寸古桩花开,我的《迎春序曲》（我的春节印象）,三秦大地看贺岁（新春走基层·春节文化扫描·拜年）,唱响春之声凝聚中国心（热点聚焦）,维修设备保春运,用心感受年画之美（文物有话说）,春晚全球多地直播吸引海外观众,道路交通安全形势平稳,疫情就是命令防控就是责任（来自疫情防控一线的报道）,冰火两重天,观鹤舞雪原赏祥和胜景,中国有“我”更美丽（锐评）,空,空,空,空,01_26
把疫情防控作为当前最重要的工作来抓,绿水青山带来了金山银山（总书记来过我们家),贯彻习近平总书记重要讲话和中央政治局常委会会议精神进一步部署疫情防控工作,武汉力保患者“应收尽收”“应治尽治”(来自疫情防控一线的报道),驰援,城乡融合撬动“美丽经济”(今日谈),空,空,空,空,空,空,空,空,空,空,空,空,空,空,空,空,空,空,空,空,空,空,空,空,01_27
全国各级财政已投入112.1亿元用于疫情防控,把人民群众生命安全和身体健康放在第一位,团结带领广大人民群众坚决贯彻落实党中央决策部署紧紧依靠人民群众坚决打赢疫情防控阻击战,李克强到湖北武汉考察指导新型冠状病毒感染肺炎疫情防控工作,国务院办公厅关于延长2020年春节假期的通知,湖北充实基层救治力量（来自疫情防控一线的报道）,别让谣言跑在科学前面(今日谈),海拔5000米的坚守（新春走基层）,小岛上的又一个春节（新春走基层）,空,空,空,空,空,空,空,空,空,空,空,空,空,空,空,空,空,空,空,空,空,01_28
习近平会见世界卫生组织总干事谭德塞,关于加强党的领导、为打赢疫情防控阻击战提供坚强政治保证的通知,让党旗在防控疫情斗争第一线高高飘扬党旗高高飘扬汇聚磅礴力量,冰刀升级新技术（新春走基层）,搬迁开启新生活（新春走基层）,不忘来路才能更好前行（今日谈）,空,空,空,空,空,空,空,空,空,空,空,空,空,空,空,空,空,空,空,空,空,空,空,空,01_29
构筑群防群治的严密防线,牢记宗旨 勇挑重担 为打赢疫情防控阻击战作出贡献,进一步研究疫情防控形势 部署有针对性加强防控工作,坚定信心战疫情同舟共济筑防线,生活必需品供应有保障,52支医疗队6097人增援湖北防控疫情（来自疫情防控一线的报道）,隔绝疫情，凝聚真情（今日谈）,空,空,空,空,空,空,空,空,空,空,空,空,空,空,空,空,空,空,空,空,空,空,空,01_30
为打赢疫情防控阻击战作出贡献,村子变美了 机会增多了（总书记来过我们家）,在严峻斗争实践中考察识别干部,更大发挥医疗卫生和科技的利器作用 群策群力打赢疫情防控阻击战,改革要常讲常新（今日谈）,武汉雷神山医院建设进度完成40%,湖北多方筹集医疗物资应对疫情（来自疫情防控一线的报道）,空,空,空,空,空,空,空,空,空,空,空,空,空,空,空,空,空,空,空,空,空,空,空,01_31
当好群众的贴心人和主心骨,我是党员，我先上！（来自疫情防控一线的报道）,生命至上，大国担当（和音）,部署做好春节后错峰返程加强疫情防控等工作,在敦煌研究院座谈时的讲话,大芦古民居（神州观览）,花的祝福（新时代之光）,等妈妈回家,全力做好疫情防控重点物资保障(今日谈),坚决贯彻习主席重要指示加强军队,天蒙山飞歌,让党旗在防控疫情斗争第一线高高飘扬（来自疫情防控一线的报道）,世卫组织对中国控制疫情的能力充满信心,祖国接我回家,新中国峥嵘岁月,危机只会让中国更加团结强大,织密防控网防疫保健康(社区防控，我们在行动),全面部署，确保疫情防控有力有序(坚定信心同舟共济),为打赢疫情防控阻击战提供有力舆论支持,加强社区和农村地区防控集中救治提高成功率,服务管理措施覆盖到户落实到人,王毅：接海外湖北同胞回家，为民众排忧解难,老余的向导生活(逐梦小康),中国有资源有决心有效应对疫情,科学饮茶好处多多,“我们一定会胜利!”,各界援助武汉物资有序发放,科学防护的“逆行战士”,武汉1100家大型商超正常营业,我们有信心、有能力有效控制并最终战胜疫情,02_01
向奋战在疫情防控一线的勇士们致敬,“党员必须先上，没有商量！”（人民论坛）,全力保障医疗防控物资供应为打赢疫情防控阻击战提供必要条件,致敬！逆行的“白衣战士”！（来自疫情防控一线的报道）,让党旗在防控疫情斗争第一线高高飘扬（来自疫情防控一线的报道）,戈壁滩上走出康庄道（总书记来过我们家）,在传承创新中焕发新生机新活力(深聚焦),打赢疫情防控攻坚战关键在“防”,朝鲜最高领导人金正恩向习近平致亲署信表示慰问,生肖设计：让传统更年轻,捐出压岁钱献上一份爱,千方百计做好疫情防控工作（坚定信心同舟共济）,塑造美好心灵，书法应有作为（艺坛走笔）,携手合作战胜疫情,防控勤排查服务更主动（社区防控，我们在行动）,中国政府包机接回滞留日本的湖北同胞,三色工作法干部挑重担（社区防控，我们在行动）,对违纪违法者坚决查处,回家,王毅分别与新西兰巴基斯坦印度外长通电话,送上“六个一”关心显温情（社区防控，我们在行动）,“救一个人就是救一个家庭”,做好搬迁脱贫下半篇文章（今日谈）,外国政要积极评价和支持中国抗击疫情,外国政党领导人积极评价和支持中国抗击疫情,致敬！逆行的“白衣战士”！（来自疫情防控一线的报道）,七旬夫妇种菜送医,生动讲好中国故事(微言),孕产妇防护听从医生建议,李克强同欧盟委员会主席冯德莱恩通电话,02_02
凝聚众志成城抗击疫情的磅礴力量,部署地方因防控工作需要灵活安排工作进一步做好疫情防控和市场保供加大对湖北重点地区医疗防控物资支持力度,武汉火神山医院正式交付,医者仁心，不辱使命（人民论坛）,防控疫情，展现坚守与奉献的力量（评论员观察）,新春，感受温暖（新春特别奉献）,军队抽组医疗力量承担,挪出穷山窝致富门路多（总书记来过我们家）,众志成城共同担负起防疫抗疫重任（坚定信心同舟共济）,关键时刻，党员挺身而出（来自疫情防控一线的报道）,与疫情竞速,口罩产能恢复率六成,经济发展的里程碑成就（新论）,加快构建中国特色新闻学“三大体系”（构建中国特色哲学社会科学）,实地察看火神山医院,基层干部不一样的春节（干部状态新观察）,坚决打赢疫情防控阻击战（来自疫情防控一线的报道）,“中国为世界卫生事业作出重要贡献”,搬出大山天地宽（今日谈）,不同人群分类防护,争分夺秒驰援一线（记录中国）,我知道，中国能行,大喇叭大白话防疫宣传送到家（社区防控，我们在行动）,飞驰的列车一路向前（中国道路中国梦）,“中国展现了负责任大国的担当”,法治助力脱贫攻坚战（治理者说）,攻下的不仅是“手撕钢”（国企党建典型）,建立全媒体传播体系（大家手笔）,这里来了爱心菜,开学延期，教学不延期（解码）,02_03
研究加强新型冠状病毒感染的肺炎疫情防控工作,打响疫情防控的人民战争,把落实工作抓实抓细（人民论坛）,坚定信心，坚决打赢疫情防控阻击战（评论员观察）,抓落实，就是“试金石”（声音）,宁可备而不用，也要坚决防止短缺（权威发布）,正是共担风雨时（和音）,纪检监察机关处理检举控告工作规则,同舟共济战疫情（人民眼·疫情防控）,组织部门要在打赢疫情防控阻击战中积极主动履职、有效发挥作用,善邻是福（大使随笔）,用历史智慧之光观照现实,践行初心使命，汇聚强军兴军磅礴力量,加快现代化经济体系建设（深入学习贯彻习近平新时代中国特色社会主义思想）,过激反应无助于合作抗击疫情,构筑疫情防控的坚实堤坝（一线视角）,“汇聚起我们点滴的力量”,一项更加生机勃勃的事业,“时刻保持120%的工作状态”,压实责任，确保防控有力有序有效（坚定信心同舟共济）,珍爱生命拒吃野味,目的地，湖北！（记录中国）,发挥政治优势打赢疫情防控阻击战（思想纵横）,加强心理疏导调整自身情绪,图片报道,完善国家行政体制提高政府治理能力（百名专家谈中国制度）,返程高峰，防控要做好,社区防控，我们在行动,为文化产业构建良好生态体系（新论）,白大褂上，党徽更耀眼（让党旗在防控疫情斗争第一线高高飘扬）,02_04
疫情防控要坚持全国一盘棋,同舟共济，坚决打赢疫情防控阻击战,部署提高湖北武汉收治率治愈率降低感染率病死率措施进一步做好医疗资源和生活物资保障供应,责任是防控疫情的堤坝（人民论坛）,第一道防线，守住！（来自疫情防控一线的报道）,同舟共济，汇聚疫情防控强大合力（评论员观察）,越是艰险越向前（思想纵横）,老区拔穷根发展有奔头（总书记来过我们家）,有你会平安,疫情面前，有把衡量道义的尺子（钟声）,让党旗在防控疫情斗争第一线高高飘扬（来自疫情防控一线的报道）,抬头看见花,凝心聚力大道同行,坚持和完善中国特色社会主义制度的重大意义（深入学习贯彻党的十九届四中全会精神）,疫情防控需要基层力量,关键阶段要再加把劲（今日谈）,“精准复工”值得借鉴（纵横）,全力奋战英勇奋战团结奋战,打春锣,中国制度永葆活力之道（新知新觉）,抓实抓细，一点不能含糊,为疫情防控构筑安全屏障,抓好重点防控物资供应保障,推广AED，织就更完善急救网（人民时评）,推动新闻舆论工作迈上新台阶（有的放矢）,火神山医院收治首批患者,中华人民共和国社区矫正法,10天10夜!火神山医院这样建成（产经观察·防控疫情，企业在行动①）,力保生产生活平稳有序（统筹抓好改革发展稳定各项工作）,图片报道,02_05
全面提高依法防控依法治理能力,中共中央国务院关于抓好“三农”领域,牢牢压实属地责任,李克强主持召开国务院常务会议,科学防治，让各项举措更有力有效（评论员观察）,凝聚众志成城抗疫情的强大力量（人民要论）,制度优势提振防疫信心（人民时评）,奋力抓好“三农”工作确保如期实现全面小康（社论）,坚持全国一盘棋汇聚抗击疫情强大合力,习近平会见柬埔寨首相洪森,做倾情奉献的无名英雄（思想纵横）,众志成城守住生命防线（大家谈·同心打赢疫情防控阻击战①）,构筑起坚固的防控网（一线视角）,闻令而动，同时间赛跑,一起守望一座城（来自疫情防控一线的报道）,点赞战“疫”共同体,全力奋战英勇奋战团结奋战,坚决打赢疫情防控阻击战（来自疫情防控一线的报道）,团结合作势在必行（和音）,奋力做好“三农”工作决胜全面小康,首批“方舱医院”正式启用（来自疫情防控一线的报道）,完善科技创新体制机制（有的放矢）,早日康复，加油！（来自疫情防控一线的报道）,切实抓好农村疫情防控和农业生产工作,英雄母亲形象的精彩呈现,社区防控，我们在行动,送货进山服务村民（来自疫情防控一线的报道）,重大主题创作更应出经典,多措并举保障医疗物资（国务院联防联控机制发布会）,中共中央国务院关于抓好“三农”领域,02_06
让基层干部把更多精力投入到疫情防控第一线,部署进一步有针对性加强疫情防控工作,消除侥幸心理（人民论坛）,为美好生活努力打拼（总书记来过我们家）,“读万卷书行万里路”依然是最有效的方法（高峰之路）,战斗“吃劲”，还得铆劲！（来自疫情防控一线的报道）,精准施策，把疫情防控抓实抓细（评论员观察）,为打赢疫情防控阻击战注入强大信心和力量,让理性战胜恐慌（钟声）,把外在推力转化为内生动力（今日谈）,舌尖之“鲜”别成社会之“险”,面对疫情，教育大有可为（新论）,以战时状态全力抓好源头防控,雷神山医院验收了（来自疫情防控一线的报道）,加班加点,来论,创造“中国之治”的根本所在（人民观察）,传递理性应对疫情的声音（患难见真情共同抗疫情）,同力协契共克时艰（大使随笔）,习近平同沙特国王萨勒曼通电话,在打赢疫情防控阻击战中有针对性地开展精神文明教育,众志成城共克时艰的精神力量,牢牢把握坚持党的集中统一领导（大家手笔）,用心书写当代英雄,湖北给予张定宇和张继先记大功奖励（来自疫情防控一线的报道）,“抢回被耽误的时间”（来自疫情防控一线的报道）,严阵以待，织牢农村防疫网（一线视角）,多地出台暖心举措防控疫情（坚定信心同舟共济）,深刻理解坚持党的科学理论（适势求是）,做好春运返程防控保障交通运输安全（国务院联防联控机制发布会）,02_07
以科学精神做好疫情防控工作,平凡的感动,一千个祝愿，飞向“金银潭”,滚元宵,习近平同美国总统特朗普通电话,关键时刻更见中国制度优势（和音）,进一步强化责任落实做好防治工作,谢谢有你,胡同人家过上现代生活（总书记来过我们家）,国家主席习近平任免驻外大使,延续城市的历史文脉（今日谈）,摸着石头寻寻觅觅（文明之声）,扶贫工作队，拉起来就是战“疫”队（来自疫情防控一线的报道）,八方驰援防控一线（来自疫情防控一线的报道）,政策协同助力疫情防控（国务院联防联控机制发布会）,韩正同新加坡副总理王瑞杰通电话,“面对病毒，不能害怕”（来自疫情防控一线的报道）,“使命所在，职责所在”（来自疫情防控一线的报道）,坚决打赢疫情防控阻击战（来自疫情防控一线的报道）,“有她在，我们放心”（来自疫情防控一线的报道）,真情四十载携手创辉煌（大使随笔）,外籍志愿者“不见外”,习近平同哥伦比亚总统杜克就两国建交40周年互致贺电,他们，向武汉逆行（来自疫情防控一线的报道）,公安部追授五名牺牲在抗疫一线民警二级英模称号,欣赏网上博物馆,各地各部门加强政策支持力保平稳有序（坚定信心同舟共济）,大力强化社区网格化管理（社区防控，我们在行动）,胡家草场简牍的若干个“最”,为打赢疫情防控阻击战提供有力法治支撑,02_08
切实维护正常经济社会秩序,守土担责，肩膀不能松！（来自疫情防控一线的报道）,武汉雷神山医院收治首批患者（来自疫情防控一线的报道）,感人的瞬间磅礴的力量,咱这儿真像画里一样（总书记来过我们家）,“美丽睡姿”,致敬无私奉献、英勇奋战的医务人员（来自疫情防控一线的报道）,补齐影响群众生活品质的短板（今日谈）,当代文学作品中的童年书写,兄弟齐心其利断金（大使随笔）,“我一生都是中国人民的朋友”（海客谈神州）,闻令出动敢打必胜（军营之声）,应收尽收，刻不容缓,确保人员车辆正常通行,服务举措及时有效线上线下合力抗疫（坚定信心同舟共济）,走近“塞伦的珍宝”（旅人心语）,元宵节里，温暖的力量,剪去长发的护士，真美（创见）,雷神山医院建设的“中国速度”（来自疫情防控一线的报道）,保障疫情防控药械安全（国务院联防联控机制发布会）,见屏如面，等你归来,“边防有我，请祖国放心！”（记者探营）,武汉，我在这里,与一名老兵的“心灵”对话（青春日记）,探寻土地和植物的秘密（青春派·青春奋进新时代⑨）,“我们始终和中国站在一起”（患难见真情共同抗疫情）,免费送菜支援战“疫”,一顿温馨的“团圆饭”（来自疫情防控一线的报道）,危难时刻彰显军人本色（金台点兵）,图片报道,02_09
加强心理疏导做好人文关怀,在有力防控的同时有效开展药物攻关,扛起责任，把初心写在抗疫一线（评论员观察）,交出经得起检验的答卷（人民论坛）,汇聚起守望相助的力量（人民时评）,信心与勇气,多一分担当多一件“战袍”（来自疫情防控一线的报道）,“风雨之后见彩虹”（患难见真情共同抗疫情）,家有幽兰,大凉山盼来好光景（总书记来过我们家）,疫情防控要牢记“早”字诀（一线视角）,古驿站走笔,丁家山的灯光,以家国情怀守护人民健康,将制度理论研究做实做深做透（构建中国特色哲学社会科学）,防控疫情，从自我保护做起（来信综述·面对疫情，我们怎么做①）,图片报道,“我的兄弟在战斗，我要回去！”（来自疫情防控一线的报道）,必能为世界经济共同发展作出新贡献（和音）,把精准功夫下到长久发展关键处（今日谈）,让信息价值能够最大发挥作用（纵横）,全力奋战英勇奋战团结奋战,多举措协同防控多方面保障生活（坚定信心同舟共济）,增强概念创新的自觉与自信（大家手笔）,习近平向非洲联盟第33届首脑会议致贺电,夜幕下的白衣天使,每天要打近600个电话（应收尽收刻不容缓）,有序做好企业复工复产工作（统筹抓好改革发展稳定各项工作）,各级财政安排资金718.5亿元用于疫情防控,火神山医院重症医学科开始接收新冠肺炎患者（应收尽收刻不容缓）,02_10
以更坚定的信心更顽强的意志更果断的措施,再接再厉英勇斗争,意识形态偏见也是病毒（钟声）,读书浸润人生,坚决打赢疫情防控的人民战争,人人有责，疫情防控从我做起（评论员观察）,再驰援！各地医疗队近6000人飞抵前线,正确认识科学应对（开卷知新）,有序做好企业复工复产工作（统筹抓好改革发展稳定各项工作）,部署进一步增加重点医疗防控物资生产供应,风雨中最美的彩虹（一线视角）,提高科学思维能力打赢疫情防控阻击战（人民要论）,为疫情防控提供有力法治保障（新论）,执着追求造福人类（序与跋）,构筑起疫情防控的人民防线（坚定信心同舟共济）,严格管控，也要人文关怀,武汉发起应收尽收总攻(应收尽收刻不容缓),守望相助携手前行（大使随笔）,在法治轨道上保障疫情防控顺利开展,浙江精准分析疫情智能高效防控,远程办公不误工（新知）,用好战胜疫情的科学利器（大家手笔）,冲到一线，把每项工作做到位（干部状态新观察）,“中国所作努力令人钦佩”(患难见真情共同抗疫情),新中国峥嵘岁月,全国治愈比例明显上升(国务院联防联控机制发布会),科学打赢疫情防控阻击战（有的放矢）,国务院任免国家工作人员,香港社会各界向内地捐款累计逾十亿元人民币,24小时待命百分百投入（来自疫情防控一线的报道）,02_11
武汉胜则湖北胜湖北胜则全国胜,坚决打赢疫情防控的人民战争总体战阻击战,坚定信心就能取胜（人民论坛）,以高质量建言资政助力高质量发展（声音）,共同担当使命淬炼文明之光（和音）,中央指导组约谈武汉市相关人员,期待春暖花开,携手合作抗击疫情（评论员观察）,温暖的微信群,尝到了易地搬迁的甜头（总书记来过我们家）,见证守望相助的力量（大家谈·同心打赢疫情防控阻击战②）,五个行动阻断疫情传播（科技大观）,尽全力，为生命抢时间,请组织考验我,坚决打赢疫情防控的人民战争总体战阻击战（让党旗在防控疫情斗争第一线高高飘扬）,坚决打赢疫情防控武汉保卫战、湖北保卫战,继续为实现今年经济社会发展目标任务而努力（人民要论）,习近平同印尼总统佐科通电话,科学防控疫情（大家手笔）,构筑起疫情防控的人民防线（一线抗疫群英谱）,必须更快，才能救治更多人（暖闻热评）,来论,28人出“舱”了！（应收尽收刻不容缓）,扶贫扶出精气神（今日谈）,习近平同卡塔尔埃米尔塔米姆通电话,以人民为中心，解决群众反映强烈问题,防疫物资特事特办,武汉三万多干部职工下沉社区（应收尽收刻不容缓）,改善一线医务人员工作条件切实关心医务人员身心健康,图片报道,02_12
分析新冠肺炎疫情形势研究加强防控工作,奋力夺取疫情防控和实现经济社会发展目标双胜利,李克强主持召开国务院常务会议,科学防治战胜疫情（人民论坛）,疫情冲击不会改变经济向好趋势（人民时评）,冲锋在第一线战斗在最前沿构筑起坚固生命防线,震撼人心的力量,“幕后”英雄，战斗在城市“生命线”（来自疫情防控一线的报道）,乘人之危的“看客”做派当休矣（钟声）,“大喇叭”凝聚正能量（一线视角）,着力构建基层社会治理新格局（深入学习贯彻习近平新时代中国特色社会主义思想）,春耕生产有序开展,充分发挥疫情防控的强大政治优势（思想纵横）,守好一个门守护一座城（英雄的城市英雄的人民）,使所有社区成为疫情防控的坚强堡垒（社区防控，我们在行动）,众志成城团结奋战（一方有难八方支援）,不聚，是为更好相聚,讲好中国抗击疫情的故事（光影视界）,见证平凡中的伟大,邻里之道守望相助（大使随笔）,武汉已启用7座方舱医院（应收尽收刻不容缓）,完善社会治理体系是一项系统工程（新知新觉）,一台特殊的元宵节晚会,老虎苍蝇一起打，保持反腐败高压态势,惟愿疫情早退人人健康归来,推动社会办医健康发展（新论）,做好农产品稳产保供工作,把共建共治共享的社会治理制度落到实处（有的放矢）,“中国正在进行一场英勇的斗争”（患难见真情共同抗疫情）,“中国拥有战胜一切困难的强大决心和执行力”,02_13
毫不放松做好疫情防控工作,部署进一步分级分类有效防控,最实在的获得感（总书记来过我们家）,对口支援，下好全国一盘棋（人民时评）,这一仗，我们必定赢！（应收尽收刻不容缓）,好标语凝聚精气神,军队增派2600名医护人员支援武汉抗击新冠肺炎疫情,使社区成为疫情防控的坚强堡垒（新论）,兼顾疫情防控与社会运转（一线视角）,全力以赴应对疫情做好就业工作,幸福着百姓的幸福(今日谈),水运复工保畅通,习近平同马来西亚总理马哈蒂尔通电话,上海：防控一严到底城市运行有序,谱写众志成城的和声,微光汇聚熠熠生辉,人民当家作主制度体系不断健全（人民观察）,国务院任免国家工作人员,更好发挥密切联系群众优势（大家手笔）,湖北省委主要负责同志职务调整,短视频，把好故事讲好（艺海观澜）,这样查出密切接触者（解码）,对中国战胜疫情充满信心（国际论坛）,致敬，为城市正常运行而奋战的人们（人民眼·打好武汉保卫战）,精准排查规范救治,短暂的相聚（一线抗疫群英谱）,立足前沿科技展现美好图景（高峰之路）,“我要快点好起来，回去继续战斗”（英雄的城市英雄的人民）,在家工作生活，还好吗（越是发生疫情越要保障民生①）,居家日提升时（民生观）,02_14
完善重大疫情防控体制机制,保持经济平稳运行和社会和谐稳定,守住自己的阵地,完善错峰返程措施加强交通疫情防控,医护笔记,北京全力打好疫情防控阻击战(来自疫情防控一线的报道),自在浏阳河,这座城，有爱有温暖（英雄的城市英雄的人民）,发起武汉保卫战、湖北保卫战全面总攻,疫情不必怕，一起战胜它！（一方有难八方支援）,抢运化肥保春耕,面对疫情，人类需要合作,中国为所有国家创造了更多机会（国际论坛）,居家消毒注意安全,防疫物资保障分秒必争（来自疫情防控一线的报道）,四川打好城乡一体防疫战,救治患者，展现中国速度与力量（应收尽收刻不容缓）,把维护安全稳定工作抓实抓细抓落地,首个以中医治疗为主的方舱医院启用（应收尽收刻不容缓）,好手艺绣出来（逐梦小康）,居家也能做贡献,请缨战“疫”四姐妹（一线抗疫群英谱）,各级财政支出805亿元应对疫情（国务院联防联控机制发布会）,“我们坚信中国经济的韧劲”（患难见真情共同抗疫情）,一场特别的音乐会,德国总理默克尔会见王毅,一场联动的复工,图片报道,火神山医院首批治愈患者出院（应收尽收刻不容缓）,返程途中做好防护,02_15
在大战中践行初心使命在大考中交出合格答卷,在中央政治局常委会会议研究应对新型冠状病毒肺炎疫情工作时的讲话,疫情防控，人民有力量！(来自疫情防控一线的报道),战疫情保生产,凝聚科学防治强大合力（和音）,为了千家万户平安，值！（应收尽收刻不容缓）,一手抓防控一手抓发展,我们一起战斗！,跨越山海的行者,金融系统全力支持抗击疫情和恢复生产(国务院联防联控机制发布会),千方百计增强收治能力,“所有人都在努力与时间赛跑”（一方有难八方支援）,各级财政疫情防控补助资金已经超过900亿元,“疫情不止，我们的行动不会停止”（患难见真情共同抗疫情）,涓涓细流寸寸丹心（侨界传真）,科技攻关五大主攻方向取得阶段性成果（国务院联防联控机制发布会）,东帝汶的原生态之美,凝心聚力众志成城,用嘹亮的歌声祝福,神秘古城佩特拉,风雪中坚守,一场跨越千里的视频告白（一线抗疫群英谱）,各地逾2.5万名医疗队员支援湖北,站在一起心连着心（观沧海）,德国总统塞尔维亚总统分别会见王毅,中国科幻文学欧洲受热捧（五洲茶亭）,促进网络美术教育蓬勃生长（艺坛走笔）,“愿为早日战胜疫情竭尽所能”,“能为抗疫作贡献，我很自豪”（一线抗疫群英谱）,“一定要快点战胜疫情”（一线抗疫群英谱）,02_16
向奋战在一线的医务人员致敬,沧海横流显本色战“疫”一线党旗红,火线上的中流砥柱（来自疫情防控一线的报道）,我们完全有信心打赢疫情防控阻击战（人民要论）,疫情面前，美方做了什么（钟声）,在抓落实中践行初心使命（声音）,关键时刻，党员干部就得冲上去（让党旗在防控疫情斗争第一线高高飘扬）,古老乡村的小康图景（总书记来过我们家）,城乡一体，抓实抓细疫情防控（评论员观察）,在法治轨道上推进疫情防控（思想纵横）,有效提升舆论引导水平（新知新觉）,江城花儿开,为城市增添文化亮色（一线视角）,重症病例占比明显下降（国务院联防联控机制发布会）,中欧班列（郑州）恢复常态化开行,“桥机”姑娘（遇见）,第十一筐青菜,执法迈开腿个人管住嘴(来信综述·面对疫情，我们怎么做②),每日新增确诊病例数连降,火线上的中流砥柱（来自疫情防控一线的报道）,为打赢疫情防控阻击战提供有力保障（治理之道）,乡村旅游要因地制宜（今日谈）,懂得担当收获成长（深聚焦）,“代办员”温暖人心（中国道路中国梦）,建议,克服疫情影响抓好脱贫攻坚（统筹抓好改革发展稳定各项工作）,邻里情朋友义（大使随笔）,预告,关键时刻顶得上用得好（创新谈）,不能以“自由”为名跌破人性底线（环球走笔）,02_17
向奋战在一线的社区工作者致敬,部署继续做好湖北省特别是武汉市医疗救治和保障,统筹做好疫情防控和经济社会发展（评论员观察）,年方六千，未完待续,栗战书主持召开第四十七次委员长会议,村里的变化可大了（总书记来过我们家）,抓好农村重点改革任务（人民要论）,用阅读传递信心，用知识做好防护（书里书外）,以信息公开助力疫情防控(治理者说),凝聚起众志成城共克时艰的强大正能量（思想纵横）,风雨同舟患难与共（大使随笔）,汪洋主持召开全国政协主席会议,关口前移，为群众守好健康之门,来论,“坚持在家不出门，我为防疫做贡献”（英雄的城市英雄的人民）,以科学、理性、合作态度战胜疫情（患难见真情共同抗疫情）,从信息社会迈向智能社会（开卷知新）,武汉开展3天集中拉网式大排查（应收尽收刻不容缓）,春耕备耕物资供应充足,为何研究推迟召开全国政协十三届三次会议,为企业提供实实在在的帮扶（一线视角）,警惕“绿天鹅”来袭（环球走笔）,推进刑事法治文明的坚实一步（人民时评）,扛起防控责任工作落实落细(一方有难八方支援),扎实抓好春季农业生产（统筹抓好改革发展稳定各项工作）,将审议关于推迟召开十三届全国人大三次会议的决定草案,利用网络流行语更好凝聚社会共识（新知新觉）,践行多边主义合作应对挑战（和音）,正确认识混合所有制经济（热点辨析）,军队增派的1200名医护人员抵达武汉,02_18
向奋战在一线的共产党员致敬,冲锋，这里就是战场！（一线抗疫群英谱）,努力实现今年经济社会发展目标任务（人民时评）,李克强主持召开国务院常务会议,把为民职责体现到疫情防控各环节（人民论坛）,防控疫情，下好全国一盘棋（评论员观察）,与时间赛跑的人,特殊的旅行,疫情防控，善用法治力量（新论）,疫情防控要抓紧脱贫攻坚不放松,切实做好各项防控工作（大家谈·同心打赢疫情防控阻击战③）,世界不会随着谬论起舞（钟声）,推动各方面制度更加成熟更加定型（深入学习贯彻党的十九届四中全会精神）,澳门的年,科学防治精准施策分区分级做好新冠肺炎疫情防控工作,为了“不漏一户、不漏一人”（应收尽收刻不容缓）,志愿者，温暖这座城（英雄的城市英雄的人民）,习近平同法国总统马克龙通电话,钻井平台交付,传递信心决心，携手抗击疫情（患难见真情共同抗疫情）,“90后”书写战“疫”担当,充分发挥文化对制度的深厚支撑作用（大家手笔）,白衣战士赤子心八方驰援抗疫情(人民眼·打好湖北保卫战),习近平同英国首相约翰逊通电话,防疫不松劲春耕不误时（统筹抓好改革发展稳定各项工作）,汇聚起抗击疫情的强大力量（一方有难八方支援）,这道题，基层干部用心答,我们回家了,架起“高压线”，扎紧制度“笼子”,单日新增确诊病例首降2000以内（国务院联防联控机制发布会）,02_19
务必高度重视对医务人员的保护关心爱护,对口支援汇聚决胜之力,深化新时代教育督导体制机制改革,把政治优势转化为疫情防控工作优势（人民要论）,抓牢抓好脱贫攻坚（评论员观察）,疫情面前，于平凡中书写不凡,守护文明精神的特殊战斗（和音）,用心用情关爱医务人员(今日谈),武汉完成拉网式大排查,以更坚定的信心打赢疫情防控阻击战（有的放矢）,筑牢生物安全的法律屏障（新论）,凝心聚力战疫情（艺文观察）,中国空间站彰显创新精神（人民时评）,“五朵金花”绽放一线（向奋战在一线的医务人员致敬）,一起点亮希望（英雄的城市英雄的人民）,发挥好中西医结合优势（大家手笔）,千里驰援，爱中相聚（中国道路中国梦）,扎实抓好春季农业生产(统筹抓好改革发展稳定各项工作),实现全员全程全方位育人（新知新觉）,坚持重症轻症并重千方百计救治患者,“中国一定能够赢得抗击疫情的胜利”（患难见真情共同抗疫情）,分类科学防控有序复工复产,“为了胜利，一切都值”（向奋战在一线的医务人员致敬）,和衷共济应对人类共同挑战（国际论坛）,我们的心声,稳就业打出组合拳（国务院联防联控机制发布会）,构筑起疫情防控的严密防线,嫦娥四号、玉兔二号成功唤醒,看，那些并肩奋战的医护伉俪(一线抗疫群英谱),降低疫情冲击稳定企业发展（议政建言）,02_20
为疫情防控提供有力法治保障,让基层干部全身心投入抗疫一线（人民论坛）,路通了人气旺了（总书记来过我们家）,部署进一步加强一线医务人员防护加快药物有效应用,筑牢疫情防控的“社区防线”（人民时评）,防控工作取得阶段性积极成效,深入理解和贯彻疫情防控工作总要求（人民要论）,100%复工复产,用生命谱写英雄的壮歌,以邻为壑换不来独善其身（钟声）,在做好疫情防控同时抓好春耕备耕（评论员观察）,纸短情长托举希望,防止返贫和继续攻坚同样重要（今日谈）,习近平同韩国总统文在寅通电话,引导群众正确理性看待疫情（有的放矢）,提升语言能力助力国家发展（高峰之路）,暖心守护白衣战士,科技助力精准防控（新知）,“四类人员”收治隔离不过夜(应收尽收刻不容缓),方舱医院的饭从哪来,保障重要农产品有效供给（新论）,黄冈战“疫”，防控更严更实更细（人民眼·打好湖北保卫战）,一线医务人员保障政策出台(国务院联防联控机制发布会),跨越12年的爱心接力（暖闻热评）,习近平同巴基斯坦总理伊姆兰·汗通电话,出院时刻特殊的道别,防控疫情向世界展现负责任大国形象（新知新觉）,合理补充营养提高免疫力(名医讲堂),发挥中西医结合在疫情防控中的作用（大家手笔）,探索网络视听付费模式（艺海观澜）,02_21
研究新冠肺炎疫情防控工作部署统筹,坚决实行分区分级精准防控,执著的力量,那一朵朵美丽的格桑花（遇见）,观背村记,把忠诚写在抗疫一线（英雄的城市英雄的人民）,多措并举增加医疗防控物资生产供应,这个时候，必须往前冲！(英雄的城市英雄的人民),感知古代建筑的“生命”（文明之声）,海外订单生产步入正轨,为世界公共卫生事业尽责担当（和音）,探寻未知的“黄河故事”,各地春耕备耕扎实推进,国务院任免国家工作人员,重庆努力把疫情影响降到最低,要从各方面切实加强对一线医务人员的保护关心爱护,图片报道（应收尽收刻不容缓）,致敬“最美逆行者”,东京塔，点亮中国红,“战胜疫情，我的信心很足”（一线抗疫群英谱）,“能出一份力，辛苦也值得！”（一方有难八方支援）,阿尔泰岩画中最早的滑雪(寻古探源),24省份开展农民工返岗包车运输（国务院联防联控机制发布会）,确保应治尽治（应收尽收刻不容缓）,“我们对中国人民战胜疫情充满信心”（患难见真情共同抗疫情）,公安民警用忠诚担当守护平安（来自疫情防控一线的报道）,中国探月成就为世界作出贡献（国际论坛）,河南省政府原党组成员、副省长徐光严重违纪违法被开除党籍和公职,“有你们来，才有我们的今天！”,河南货运航线不停航,02_22
习近平给比尔·盖茨回信,将战“疫”进行到底！,有序推动复工复产,国务院应对新型冠状病毒感染肺炎疫情联防联控机制,战胜疫情的中坚力量（一线抗疫群英谱）,在做好疫情防控工作的前提下,印发《企事业单位复工复产疫情防控措施指南》,习近平复信美国犹他州小学生,传递大爱和生命的力量,动人的法朵之声（旅人心语）,勇往直前（英雄的城市英雄的人民）,从不远离自然,真道义真朋友（大使随笔）,调试设备助力复产,战“疫”淬炼青春本色(青春派·青春奋进新时代⑩),跨越文化语境与时空的对话（书写新中国故事）,复工复产出现积极变化（国务院联防联控机制发布会）,抗击疫情，携手共书家国情,以强有力措施打赢监管场所疫情防控这场硬仗,妈妈你最棒,“火神山”里探神兵(记者探营),中国是值得信赖的伙伴（国际论坛）,转化线下展览优化信息资源,都来搭把手,阶段性降电价气价支持企业复工复产,图片报道（患难见真情共同抗疫情）,“我们要与中国朋友共同奋斗”（患难见真情共同抗疫情）,将战“疫”进行到底！,真招实招防疫真金白银减负,特殊战场扬军威(金台点兵),02_23
毫不放松抓紧抓实抓细防控工作,在统筹推进新冠肺炎疫情防控和经济社会发展工作部署会议上的讲话,练就过硬本领造福人民群众,我们一定能战胜疫情，保持良好发展势头,到人民最需要的地方去以仁心仁术造福人民特别是基层群众,突出重点，带动全方位工作的推进（评论员观察）,故乡的野菜(泥土芬芳),出征,抗疫一线日记,为疫情防控筑牢法治堤坝（人民时评）,同心协力共克时艰（大家谈·同心打赢疫情防控阻击战④）,积极推动企事业单位复工复产（一线视角）,辩证把握“制”与“治”（大家手笔）,来论,深刻理解中国制度的哲学智慧（学苑论衡）,全面落实进一步保护关心爱护医务人员若干措施,中国制度优势令人印象深刻（国际论坛）,从哲学层面深化制度理论研究（构建中国特色哲学社会科学）,搭建“瞭望哨”构筑“防护墙”（来信综述·面对疫情，我们怎么做③）,关爱到一线干部加油干（干部状态新观察）,“困难会过去，我们一起扛！”（一方有难八方支援）,“齐心协力，就能迸发出强大力量”,干好这一年打赢攻坚战（决战脱贫攻坚·一线故事）,我们一定能战胜疫情，保持良好发展势头,破除“SCI至上”评价更科学（解码）,美国再曝窃密丑闻（国际视点）,困难时刻，也别忘了读书（新语）,建议,塞尔维亚举行活动声援中国兄弟,“我们对中国经济未来增长保持乐观”（患难见真情共同抗疫情）,02_24
坚决把思想和行动统一到党中央决策部署上来,英雄的城市英雄的人民,咬定青山不放松，不破楼兰终不还,坚持和完善党和国家监督体系,推动武汉市进一步加强防疫和救治工作,统筹兼顾，实现协同联动（评论员观察）,人大常委会决定适当推迟召开十三届全国人大三次会议,开行免费专列保障安全返岗,每一颗爱心都不应被辜负（金台随笔）,人大常委会第十六次会议在京闭幕,推动重大项目开工建设（统筹抓好改革发展稳定各项工作）,疫情防控一定要“较真”（一线视角）,谈论“取代”不如思考“互融”（艺海观澜）,每篇日记，都是一个温暖的故事,完善治理，中国探索提供重要启示（和音）,科学应对疫情对农业农村经济的影响（人民要论）,全国人民代表大会常务委员会免职名单,“中国树立了世界防疫的典范”(患难见真情共同抗疫情),数字人文打开文化新视野（高峰之路）,中国童书“走出去”的启示（人民时评）,全国人民代表大会常务委员会任免名单,在共抓大保护中实现高质量发展,做好企业复工复产的人力资源管理（大家手笔）,全国人民代表大会常务委员会批准任命的名单,食用野生动物，重罚！,全国人民代表大会常务委员会免职名单,人人出力家园更美（小康路上·绿色力量）,创新服务促进数字转型,千方百计加强救治工作,全国政协十三届三次会议推迟召开,02_25
疫情防控不获全胜决不轻言成功,把农业基础打得更牢把“三农”领域短板补得更实,李克强主持召开国务院常务会议,同舟共济众志成城（我们的心声）,做好分区分级工作（声音）,抓实抓细抓落地奋力夺取双胜利,落实分区分级精准复工复产（评论员观察）,坚决打赢疫情防控的人民战争总体战阻击战（人民要论）,应收尽收应治尽治（人民论坛）,支持复工复产十条举措推出（国务院联防联控机制发布会）,不容种族歧视者胡说（钟声）,“智慧城市”建设助力疫情防控（人民时评）,统筹好疫情防控与脱贫攻坚（一线视角）,做好疫情防控须创新社会治理(大家手笔),火线上的入党宣誓,疫情防控到位有序复工复产（人民眼·有序复工复产）,习近平同阿联酋阿布扎比王储穆罕默德通电话,健全国家应急管理体系（新知新觉）,出口订单赶制忙,全力救治感染新冠肺炎的医务人员,发挥智库在疫情防控中的作用（有的放矢）,分区分级做好疫情防控工作,中国展现出坚韧品格（国际论坛）,把脉问诊勇战“疫”,春天到田间地头忙起来（统筹抓好改革发展稳定各项工作）,以“有形之手”助力企业脱困,习近平《在统筹推进新冠肺炎疫情防控和经济社会发展工作部署会议上的讲话》单行本出版,习近平同埃塞俄比亚总理阿比通电话,全力组织春耕生产，确保不误农时（统筹抓好改革发展稳定各项工作）,做好党员自愿捐款指导服务支持新冠肺炎疫情防控,02_26
分析新冠肺炎疫情形势研究近期防控重点工作,统筹推进疫情防控和经济社会发展工作,打好武汉保卫战不获全胜不收兵,美国在中国抗击疫情中表现如何？（国际论坛）,“我是党员，我先上！”（人民论坛）,分类指导，做到精准高效防控（评论员观察）,在抗击疫情斗争中体现山西担当（声音）,因为有你们，战“疫”一定赢,复工复产，中国自有底气（和音）,疫情防控经费投入超千亿元,统筹推进疫情防控和经济社会发展（人民要论）,全面加强危险化学品安全生产工作,方舱日记（英雄的城市英雄的人民）,坚决打赢疫情防控的人民战争（思想纵横）,“中国展现了惊人的集体行动力与合作精神”（患难见真情共同抗疫情）,承载满满的希望,精准稳妥复工复产,相隔一米的团聚,全力确保“菜篮子”稳产保供（人民时评）,在抗疫战场接受考验（让党旗在防控疫情斗争第一线高高飘扬）,致敬普通人把感动化为行动,湖北力保生活物资供应(来自疫情防控一线的报道),给快递、外卖员群体更多关怀（新论）,培养德艺兼备的大国工匠（有的放矢）,改革开放越深入越要强调法治（新知新觉）,来论,文艺时光“云”端绽放（解码）,我为你翻山越岭(保护区里的年轻人⑩),加强武汉以外市州患者救治工作,协力同心抗疫同行,02_27
坚决把党中央各项决策部署抓实抓细抓落地,洱海更清乡愁更浓（总书记来过我们家）,进一步部署降低病亡率和保障生活必需品供应,习近平同蒙古国总统巴特图勒嘎会谈,人民军队为人民（人民论坛）,分区施策，完善差异化防控策略（评论员观察）,用科学与理性戳穿阴谋论（钟声）,完善社会治理“免疫系统”(一线视角),平凡坚守非凡力量,财税金融社保等政策落地实施（国务院联防联控机制发布会）,中医药辨证施治展身手（来自疫情防控一线的报道）,“关键时刻冲得上去”(暖闻热评),遵循规律建设美丽乡村（今日谈）,用法治革除滥食野生动物陋习（人民时评）,保障人民生活更加幸福美好（大家手笔）,用更多优秀原创作品滋养儿童心灵（高峰之路）,致敬奋战在抗疫一线的“你”（人民眼·战“疫”书信）,培育科学文明的饮食习惯（无影灯）,火线上的生日聚会,发挥中医药的战“疫”力量,不断巩固和增强法治优势（人民观察）,“疫情不结束，我们不撤退”（来自疫情防控一线的报道）,传递强军兴军正能量,实施最严野生动物管控措施,构筑一道抗疫心理防线,解译月背的地下结构,孩子发烧怎么办？（名医讲堂）,科学救治，竭尽全力（应收尽收刻不容缓）,为公共卫生安全筑牢严密法治防线,环卫工人的责任与担当（来自疫情防控一线的报道）,02_28
担当,充分发挥党员干部先锋模范作用,特别的陪伴,草原巡护员(遇见),中华人民共和国2019年国民经济和社会发展统计公报,日子过得像蜜一样甜（总书记来过我们家）,细节，还是细节,国务院应对新型冠状病毒感染肺炎疫情联防联控机制,更大力度开展试剂药品疫苗攻关增强科学防治战胜疫情的能力和信心,3.6万多名患者治愈出院,一天更比一天好（今日谈）,元首外交，凝聚信心与力量（和音）,稳中上台阶进中增福祉,附：中华人民共和国2019年国民经济和社会发展统计公报图表,图片报道,国务院任免国家工作人员,各级党组织抓紧做好在抗疫一线发展党员工作,附：中华人民共和国2019年国民经济和社会发展统计公报注释,习近平同古巴国家主席迪亚斯—卡内尔通电话,进一步做好民政服务机构疫情防控工作,去年我国经济总量990865亿元,多项举措保障重点群体就业（国务院联防联控机制发布会）,北京7万名干部下沉一线全力战疫,坚守在重症病房的日日夜夜,“为敬业奉献的中国建设者点赞”,习近平同智利总统皮涅拉通电话,日本首相安倍晋三会见杨洁篪,治愈出院洒泪告别,今年1月份——,全力做好稳外贸稳外资和生活必需品保供工作,02_29
提高应对突发重大公共卫生事件的能力和水平,全面提高依法防控依法治理能力健全国家公共卫生应急管理体系,统筹抓好改革发展稳定各项工作,冲锋在一线用心到极致(来自疫情防控一线的报道),召必至战必胜,全国1037万多名党员自愿捐款11.8亿元,琴声里的情怀和梦想（经典流芳）,进一步落实分区分级差异化防控策略,老单的最后三十天（让党旗在防控疫情斗争第一线高高飘扬）,北京再发十二条通告严格疫情防控,风雨同舟的真朋友（大使随笔）,协力筑牢基层防疫墙（今日谈）,师生同心办好“空中课堂”（深聚焦）,数字展生机文化添活力,“欢迎再来我家做客”,跨越半个世纪的海瓦斯乐队,群山的馈赠,协同作战的战斗堡垒,“疫情就是命令！”（让党旗在防控疫情斗争第一线高高飘扬）,重症院区的默默守护者,2.86万名护士支援湖北（国务院联防联控机制发布会）,“老师，我能为武汉做点什么？”（行与思）,“向世界展示中国社会的团结有序”,携手打赢这场疫情防控阻击战,治愈出院,黄石呼，江苏应（对口支援19省份在行动）,展现决心和担当（微言）,迫切而重要的任务（凭栏处）,图片报道,以科研攻关推动一线防控救治,03_01
增强必胜之心奋力攻坚克难,中国脊梁压不弯（人民论坛）,美好家园乐融融（总书记来过我们家）,千里驰援（抗疫一线的故事）,“这个时候更要牢记我是党员”,又有8省市贫困县全部摘帽,全力做好北京疫情防控工作（评论员观察）,复工复产也是企业管理大考（新论）,守护好我们的守护者（一线视角）,立足中国大地创新发展中国特色经济学（构建中国特色哲学社会科学）,对创新能力的评价突出创新质量和实际贡献（人民时评）,她与病魔较上劲儿了,为当前舆论融入更多暖色调,中国经济理论创新成果和宝贵经验（学苑论衡）,战“疫”行动，需要平等之光照耀（和音）,团结路上一家亲（今日谈）,返城复工“堵点”如何疏解（来信综述·面对疫情，我们怎么做④）,携手构建人类命运共同体（国际论坛）,广大党员踊跃捐款抗击疫情,大数据时代经济学研究的创新与变革(学术随笔),对出入境人员实行严格检疫措施（国务院联防联控机制发布会）,防疫复工齐抓机场扩建正忙,“中方用行动为我们注入了信心”（患难见真情共同抗疫情）,建议,生命之舱,切实发挥支援湖北医务人员火线上的中流砥柱作用,您的家人，我们守护！(英雄的城市英雄的人民),深圳有力有序复工复产,驻村第一书记在一线(统筹抓好改革发展稳定各项工作),夺取“双胜利”财政正发力（财经眼·宏观政策加力对冲疫情影响①）,03_02
协同推进新冠肺炎防控科研攻关,增强责任之心勇于担当作为,医者仁心人间大爱（人民论坛）,党和国家领导同志带头捐款,坚持两手抓夺取双胜利（评论员观察）,部署做好下一步防控工作加强对防控一线社区,小事小节加强自我修养,坚决打好湖北保卫战、武汉保卫战(一方有难八方支援),武汉保卫战打响关键之役（人民眼·武汉战“疫”）,精准稳妥推进复工复产（人民时评）,用法治思维和法治方式推进疫情防控（人民要论）,讲好每一个汉字故事（开卷知新）,为打赢疫情防控阻击战提供科技支撑,把生活当作课堂,以防疫经验提升数字化治理水平（一线视角）,凝聚共克时艰的磅礴力量（新知新觉）,数字技术在疫情防控中大有可为（大家手笔）,提升智库服务疫情防控能力（有的放矢）,推动传统制造业高质量发展（新论）,5G时代，视频将大放异彩（序与跋）,战疫，发挥中医药独特优势（来自疫情防控一线的报道）,荒漠中“长”出湿地（小康路上·绿色力量）,我们必须团结一致抗击疫情(国际论坛),像棵大树，总想着保护更多人,司法部牵头的联合调查组公布“黄某英事件”调查结果,图片报道,延安果枣到武汉,“万众一心，就没有克服不了的困难”,军队四千多名医护人员驰援武汉（国务院联防联控机制发布会）,各地推动企业复工复产（统筹抓好改革发展稳定各项工作）,03_03
为打赢疫情防控阻击战提供强大科技支撑,构建现代环境治理体系,火神山日记,用好中医瑰宝（人民论坛）,李克强主持召开国务院常务会议,“人生第一次”蕴含的力量（金台随笔）,“火线”入党，集聚更强战疫力量,在这特殊的战场上……,中央应对新冠肺炎疫情工作领导小组印发《当前春耕生产工作指南》,耕耘春天播种希望,以“网格化”助力精准治理（人民时评）,把论文写在战“疫”第一线（一线视角）,以辩证思维统筹疫情防控和经济社会发展（人民要论）,坚定信心夺取双胜利（人民时评）,宁可备而不用不可用而无备（来自疫情防控一线的报道）,落实分区分级精准复工复产（评论员观察）,听，人类命运共同体的大合唱,国家主席习近平任免驻外大使,做好复工复产管理服务（大家手笔）,我的居家生活（英雄的城市英雄的人民）,把疫情对经济社会发展的影响降到最低（新知新觉）,有序推动企业复工复产（有的放矢）,“满月”的惦念,中央应对新型冠状病毒感染肺炎疫情工作领导,“无私的爱”和“感恩的心”（英雄的城市英雄的人民）,“关键时刻，绝不退缩！”,把农业基础打得更牢,“我们想请习爷爷一起吃甜甜圈”,“疫情不退，战斗不止”,各级财政安排疫情防控资金超千亿元（国务院联防联控机制发布会）,03_04
研究当前新冠肺炎疫情防控和稳定经济社会运行重点工作,增强仁爱之心以百姓心为心,求实效必戒虚功（人民论坛）,全面落实疫情防控一线城乡社区工作者关心关爱措施,确保疫情防得住、发展搞得好（声音）,从磨难中奋起（今日谈）,用逆周期调节对冲疫情影响（评论员观察）,有信心有能力有把握打赢疫情防控阻击战（人民要论）,民企忙复工就业不放松,推动疫情防控形势更加积极向好,防疫战也是科技战（人民时评）,疫情防控形势积极向好态势正在拓展,像雷锋那样践行初心使命（思想纵横）,79%的重大工程已复工,以统筹兼顾之谋积极应考（新论）,凝聚共同战斗的精神力量（和音）,精准稳妥推进企业复工复产,我们的心声,广大党员继续踊跃捐款支持疫情防控工作,脱下住院服再穿防护服（英雄的城市英雄的人民）,战“疫”中提升健康素养（来论）,志愿之光温暖你我（来自疫情防控一线的报道）,“中国集中力量办大事的制度优势充分彰显”（患难见真情共同抗疫情）,于足尖起舞向顶尖迈步（艺文观察）,烛照医者灵魂深处的美,打硬仗，关键要靠科技,让我来帮你,广东经济更“硬核”了（统筹抓好改革发展稳定各项工作）,为疫情防控提供语言服务（新知新觉）,“友谊之岛”的友爱之心（大使随笔）,03_05
增强谨慎之心防范重大风险,中共中央国务院关于深化医疗保障制度改革的意见,疾风知劲草（人民论坛）,“两手”都要硬“两战”都要赢（声音）,统筹抓好改革发展稳定各项工作,要求增强防控工作针对性有效性把关心关爱一线医务人员措施落到实处进一步做好疫情防控期间困难群众兜底保障工作,兴趣是良师益友（名师谈艺）,增强制度执行力（思想纵横）,无惧风雨无悔青春,元江特大桥加紧施工,稳就业需要打好“组合拳”（评论员观察）,写作教育激发文化创造活力（高峰之路）,推动住房和城乡建设事业高质量发展（人民要论）,依法统筹推进疫情防控和经济社会发展,火线上汲取成长的力量（英雄的城市英雄的人民）,各级财政投入疫情防控资金1104.8亿元,把“三农”领域短板补得更实（人民时评）,春光如画,为战“疫”凝聚更多正能量（来论）,推动国企纪检监察工作高质量发展（治理者说）,抓好社区防控保障群众居家生活,疫情不会改变我国经济发展基本面(热点辨析),致敬在抗疫一线的志愿者(人民眼·武汉战“疫”),汇聚协力战疫的力量,在细节中发现问题(一线行走),外贸企业复工复产进度明显加快,充分保障疫情防控和“三保”经费（国务院联防联控机制发布会）,为全球公共卫生事业作出贡献（患难见真情共同抗疫情）,坚决完成脱贫攻坚任务（统筹抓好改革发展稳定各项工作）,全民健康素养，需要补短板（多棱镜）,03_06
坚决克服新冠肺炎疫情影响,人勤春来早,在决战决胜脱贫攻坚座谈会上的讲话,歌声润心田,邻里之间,对社区工作者的关怀要落实到每一个细节,“以心换心累也值”（建功立业“她风采”）,加强防控国际合作防范疫情输入输出,古道边,战疫一线“她力量”（来自疫情防控一线的报道）,考古所见“路县人”的衣食住行（文明之声）,“艰难时刻更显责任担当”（患难见真情共同抗疫情）,“十三五”易地扶贫搬迁建设任务基本完成,不畏艰险，深入一线（一线抗疫群英谱）,慎终如始加强疫情防控,“现在是我报恩的时候了”,发挥非遗社会功能和文化价值,深夜里的守护,法国首家华为旗舰店开业,“医生的价值就是治病救人”,《2020年爱德曼全球信任度调查报告》发布,疫情防控科研工作取得积极成效(国务院联防联控机制发布会),交通重点工程复工形势向好(国务院联防联控机制发布会),雷神山医院里的“艺术长廊”,目前湖北医疗防护物资库存充足（权威发布）,强烈谴责和坚决反对美国国务院变相驱逐中国媒体驻美记者,中华全国新闻工作者协会关于美国国务院变相驱逐中国媒体驻美记者的声明,湖南打好防疫和复工两场硬仗,图片报道,外国政党领导人积极评价中国同世界分享疫情防控经验,03_07
致敬！新时代的中国女性,坚决夺取脱贫攻坚战全面胜利,巾帼英雄战疫魔,越到最后越要紧绷这根弦,进一步做好疫情防控期间困难群众兜底保障工作,铿锵玫瑰最美丽（人民论坛）,柔肩担重任巾帼立新功,“这是几代人一直传下来的心愿”,她风采她力量,又上战场再挑重担（来自疫情防控一线的报道）,患难见真情共同抗疫情,用镜头讲述多彩自信的中国故事（海客谈神州）,国台办发言人就国民党主席补选结果表态,感受萨拉曼卡的文学呼吸,听医护女兵讲战疫故事（军人风采）,返岗复工农民工达7800万人（国务院联防联控机制发布会）,武汉首批规模最大方舱医院将休舱,战疫前线，巾帼不让须眉,复工复产中的“青春行动”（青春派·青春奋进新时代（11））,“推动人类共同的发展事业不断进步”,火神山医院“家病房”,越到最后越要紧绷这根弦,评选表彰新冠肺炎疫情防控一线女医务人员（集体）全国三八红旗手（集体）,外国人永久居留管理条例将广泛听取认真吸收公众意见,“一线医务人员抗疫巾帼英雄谱”发布,规上工业企业均已复工（统筹抓好改革发展稳定各项工作）,“有解放军在，我们安心”（记者探营）,十条措施助力脱贫攻坚（统筹抓好改革发展稳定各项工作）,众志成城战胜疫情（金台点兵）,巾帼英雄战疫魔,03_08
统筹推进疫情防控和脱贫攻坚,彰显忠诚担当书写大爱真情,较真碰硬“督”凝心聚力“战”,习近平向奋战在疫情防控第一线和各条战线的广大妇女同胞表示诚挚的慰问,真挚的情怀（抗疫一线的故事）,火线上激扬青春力量（人民论坛）,报答,脱贫攻坚战，坚决不松劲（评论员观察）,联动作战确保打赢（声音）,确保安全生产责任“不悬空”（人民时评）,河北精准施策推进复工复产（统筹抓好改革发展稳定各项工作）,形成关爱医务人员的社会合力（新论）,“他们平安，我才放心”（来自疫情防控一线的报道）,“一起战，一起赢”（权威发布）,致敬抗击疫情急先锋（中国道路中国梦）,以发展之力筑牢人类共同防线（和音）,推动法理学与国家治理现代化同频共振（构建中国特色哲学社会科学）,制良种助春耕,借用经济学思维研究法律现象（新知新觉）,较真碰硬“督”凝心聚力“战”,用心服务是最好的防控（让党旗在防控疫情斗争第一线高高飘扬）,武汉已有11家方舱医院休舱（来自疫情防控一线的报道）,为打赢湖北保卫战、武汉保卫战贡献巾帼力量,数据共享平台如何用得更好（来信综述）,建议,文化消费有了更多可能（解码·文化市场新观察）,并肩作战小家大爱（来自疫情防控一线的报道）,支援湖北女性医务人员达2.8万人（国务院联防联控机制发布会）,坚定必胜信念贡献巾帼力量,兄弟情谊的生动写照（大使随笔）,03_09
不获全胜决不轻言成功（来自疫情防控一线的报道）,高质量完成脱贫攻坚目标任务,确保经得起历史和人民检验,疫情防控要抓重点（人民论坛）,部署深化防控国际合作防范疫情输出输入,为复工复产创造良好条件（评论员观察）,战“疫”中擦亮“迷彩底色”（人民时评）,补齐“三农”短板决胜全面小康（新论）,疫情防控淬炼文明素养（一线视角）,统筹打好疫情防控阻击战和脱贫攻坚战（人民要论）,赞“特别的使命感”（暖闻热评）,辽宁打出复工复产组合拳（统筹抓好改革发展稳定各项工作）,五项措施保障困难群众基本生活（国务院联防联控机制发布会）,车轮上与时间赛跑（来自疫情防控一线的报道）,习近平《在决战决胜脱贫攻坚座谈会上的讲话》单行本出版,运用法治手段防范重大公共卫生风险（大家手笔）,奋力夺取疫情防控人民战争胜利（有的放矢）,大地回春田间劳作,中华人民共和国基本医疗卫生与健康促进法,赤诚守望并肩战斗,今后，刷脸更准更安全（解码）,推进产业链协同复工复产（统筹抓好改革发展稳定各项工作）,促进经济发展和生态保护双赢（新知新觉）,“关键时刻，更见中国制度优势”,服务有力度城市有温度（一线抗疫群英谱）,辽宁打出复工复产组合拳（统筹抓好改革发展稳定各项工作）,致敬！平凡英雄,展现强军兴军新风貌(高峰之路),校长为何变“骑手”（一线行走）,“疫情让我们更加团结”,03_10
毫不放松抓紧抓实抓细各项防控工作,“武汉必将再一次被载入英雄史册！”,在大考中交出合格答卷,确保经得起历史和人民检验,防控毫不放松脱贫毫不动摇（声音）,鸟鸣啼春,守严守牢疫情防控的关键防线（让党旗在防控疫情斗争第一线高高飘扬）,脱贫摘帽不是终点，而是新起点,打开生命的通道,武汉方舱医院全部休舱（来自疫情防控一线的报道）,党员捐款凝聚抗疫力量（人民时评）,为春耕备耕提供更多保障（评论员观察）,提高市域社会治理法治化水平（治理者说）,统筹抓好新冠肺炎疫情防控和森林草原火灾防范工作,方舱医院的歌声,以创新理念提高网络综合治理能力（人民要论）,“无接触商业”加速到来（新知）,今年省市县扶贫资金投入超两千亿元（国务院联防联控机制发布会）,毫不放松抓紧抓实抓细各项防控工作,各地多措并举助力企业复工复产（国务院联防联控机制发布会）,进一步加强中西医结合（大家手笔）,“疫情不退，我们不退”（一方有难八方支援）,精准防控生活秩序加快恢复（统筹抓好改革发展稳定各项工作）,闻令即动勇挑重担（让党旗在防控疫情斗争第一线高高飘扬）,全面强化稳就业举措（有的放矢）,打通堵点，放开货运物流限制（统筹抓好改革发展稳定各项工作）,超级月亮,“龙头”牵引，全产业链复工复产,景区“重启”，准备好了吗（解码）,创新互联网时代群众工作机制（新知新觉）,03_11
英雄的城市英雄的人民,决定性成就世界性意义,越到关键时候越是不能松劲,人勤春来早春耕备耕忙,李克强主持召开国务院常务会议,在大战大考中淬炼党性增强本领（声音）,加强疫情防控必须慎终如始（人民论坛）,在疫情防控中书写“民生答卷”（评论员观察）,脱贫攻坚，咬定目标加把劲（人民时评）,肝胆每相照冰壶映寒月（国际论坛）,2019年全国共造林706.7万公顷,有信心夺取双胜利（思想纵横）,我国经济稳定发展的实力雄厚（经济形势理性看）,采撷大时代的一朵浪花（作品品鉴）,坚决打赢湖北保卫战武汉保卫战,更加关爱基层干部,切实办好网上思政课,一定要履职尽责、不辱使命,在疫情防控斗争中经受重大考验（有的放矢）,暖心荧屏故事，给人信心和力量（光影视界）,上下协同推进复工复产（一线视角）,“云录制”的生命力在内容创新（热点聚焦）,奋力向前的身影,全力以赴决战决胜脱贫攻坚,实体书店，探索发展新模式（解码）,越到关键时候越是不能松劲,超越国界的互助（患难见真情共同抗疫情）,“为中国和世界抗击疫情注入信心与力量”,2019年中国国土绿化状况公报（摘要）,花间劳作,03_12
新时代最可爱的人,组织29个工作组开展复工复产情况调研,散文，写出生活万千气象（高峰之路）,一鼓作气抗击疫情不懈怠,“在湖北最艰难的时期搭把手、拉一把”,抗疫情抓生产筑堡垒当先锋（让党旗在防控疫情斗争第一线高高飘扬）,咬定目标确保打赢脱贫攻坚战（权威发布）,小口罩大产能（微观）,习近平同联合国秘书长古特雷斯通电话,要求根据疫情形势变化分区分级做好防控,凝结心手相牵的情谊,集中力量办大事的显著优势成就“中国之治”（人民观察）,为建设美丽中国提供制度保障（人民时评）,视频日记开启心灵之窗（艺海观澜）,坚持的勇气温暖的力量（人民眼·武汉保卫战）,携手维护全球公共卫生安全（人民论坛）,集中力量办大事何以成为显著优势（大家手笔）,稳住外贸外资基本盘（评论员观察）,图片报道,每次操作都是生死考验（来自疫情防控一线的报道）,《关于授权和委托用地审批权的决定》,我们的制度具有无穷力量,居家劳动也是一种教育（新论）,成就事业的重要法宝（适势求是）,“中国展现了负责任大国的作为和担当”,为全球抗击疫情注入信心（和音）,基层干部脱贫攻坚一线忙（统筹抓好改革发展稳定各项工作）,共铸首都疫情防控铜墙铁壁（让党旗在防控疫情斗争第一线高高飘扬）,扎实做好脱贫攻坚普查准备工作,用疗效证明中医实力（无影灯）,03_13
做好深入细致的群众工作,曙光,拍好这一张（金台随感）,与时间赛跑,党委（党组）落实全面从严治党主体责任规定,为武汉加“鱼”,紧紧扭住责任制这个全面从严治党的“牛鼻子”,2019年美国侵犯人权报告,推动商贸物流市场正常运行释放巨大消费潜力,广州复工复产有序推进（统筹抓好改革发展稳定各项工作）,认清美方以人权维护霸权的真面目（钟声）,李克强就星巴克中国“咖啡创新产业园”项目签约仪式致贺信,再接再厉，不获全胜决不收兵,直面挑战风雨同舟,“在与病毒斗争的战役中，团结是最好的良药”,全国除湖北外规上工业企业平均开工率超95%,我们出院了（来自疫情防控一线的报道）,推动工业通信业重大项目加快开建（国务院联防联控机制发布会）,习近平向希腊新任总统萨克拉罗普卢致贺电,江浙沪等地重点外贸企业全部复工（国务院联防联控机制发布会）,盐湖复产,把医疗救治工作摆在第一位在科学精准上下功夫,释放长期资金5500亿元,泉州“3·7”坍塌事故酒店项目存在非法建设、违规改造等严重问题,国新办发表《2019年美国侵犯人权报告》,便民蔬菜进社区,“中国经验为各国战胜疫情带来信心”（患难见真情共同抗疫情）,全国人大机关助力“两旗”攻坚摘帽,党委（党组）落实全面从严治党主体责任规定,为全面建成小康社会营造安全稳定环境,03_14
短期冲击不足惧（经济长期向好的基本面没有改变①）,坚决打赢湖北保卫战、武汉保卫战,谎言遮不住金钱政治的丑陋（钟声）,初心如炬使命如磐,在这长大的日子里……（深聚焦）,他乡的“故知”（书写新中国故事）,白居易诗歌在日本,习近平向韩国总统文在寅致慰问电,“中国特色社会主义制度有着无可比拟的优势”（患难见真情共同抗疫情）,习近平向意大利总统马塔雷拉致慰问电,习近平向伊朗总统鲁哈尼致慰问电,她是芭蕾舞永远的传奇,上海严防疫情输入,出入境船舶数回升助力企业复工复产,主官带头上力量向下沉（让党旗在防控疫情斗争第一线高高飘扬）,全国妇联追授董李会、陈桂荣、罗桂梅同志全国三八红旗手称号,中央财政提前下拨千亿元保障困难群众（国务院联防联控机制发布会）,中国速度为全球赢得时间（国际论坛）,城市美容师战疫保清洁,习近平向欧洲理事会主席米歇尔和欧盟委员会主席冯德莱恩致慰问电,这里有群送餐志愿者,蒙古国募捐款项移交中方,不变的中国心（微言）,一线冲锋不负期待（一线抗疫群英谱）,美国犹他州议会通过决议案支持中国人民抗击疫情,澳门同心抗疫见成效（观沧海）,香港提振经济派发民生红包（香江在线）,黑龙江精准稳妥推进复工复产（统筹抓好改革发展稳定各项工作）,挺身而出护佑健康（一线抗疫群英谱）,印尼雅万高铁建设取得又一重要阶段性进展,03_15
守土有责守土有方,为打赢疫情防控阻击战提供强大科技支撑,风雨洗礼更坚劲（经济长期向好的基本面没有改变②）,想看看你年轻的模样,做到“两手抓”夺取“双胜利”（声音）,我的理想,争当美德传承者践行者（人民论坛）,58万余名党员干部下沉一线（让党旗在防控疫情斗争第一线高高飘扬）,在春天植下绿色希望（人民时评）,美国贫富分化现实如此冷酷（钟声）,有条件有能力如期完成脱贫攻坚目标任务（深入学习贯彻习近平新时代中国特色社会主义思想）,不胜不归,珍重生命，赢得世界信赖(和音),多个项目正式复工,织密基层防线（大家谈·同心打赢疫情防控阻击战⑤）,审批要瘦身，服务应加力（金台视线·百姓关注·复工复产）,以新科技支撑社会治理共同体建设（新知新觉）,加强心理疏导做好心理防护（大家手笔）,救助保护因新冠肺炎疫情影响造成监护缺失儿童,暖心措施为战疫一线工作人员加油鼓劲（人民时评）,“感谢来自中国的专家组”,在加强基层治理中践行初心使命（有的放矢）,巩固疫情防控良好势头,建议,抗击疫情信贷支持超一点四万亿元（国务院联防联控机制发布会）,武汉东西湖区让鱼儿“游”上餐桌（来自疫情防控一线的报道）,探访北京新国展集散地,风雨洗礼更坚劲（经济长期向好的基本面没有改变②）,北京：内外防控严到底,“中国抗击疫情的举措值得国际社会借鉴”（患难见真情共同抗疫情）,03_16
火线入党，“大战”之中显忠诚,让青春在党和人民最需要的地方绽放绚丽之花,一切为了人民（人民论坛）,家底厚实大盘稳(经济长期向好的基本面没有改变③),努力在为人民服务中茁壮成长,部署进一步做好疫情防控和后续相关工作,保持战斗状态赢得全面胜利（声音）,在“火线”上淬炼党性（人民时评）,深刻认识统筹疫情防控和经济社会发展（人民要论）,加快完善疾病防控体系（大家手笔）,院士，也是战士（人民眼·抗击疫情）,国民经济经受住了疫情冲击（经济新方位）,“美式人权”竟是由肤色决定的（钟声）,日本兴起新型养老模式（他山之石）,习近平同意大利总理孔特通电话,开掘一座文学理论富矿,春天，让书店“暖”起来（书里书外）,疫情防控工作彰显科学方法论（新知新觉）,把科学防治贯穿疫情防控始终（新论）,提高工作本领实现“双胜利”,推动产业链各环节协同复工复产（一线视角）,帮助中小微企业渡过难关（政策解读·有序恢复生产生活秩序）,确保疫情防控阻击战取得全胜（有的放矢）,疫情防控不能松劲复工复产要精准施策,北京启用小汤山定点医院,巴基斯坦总统阿里夫·阿尔维,复工复产赶制海外订单,物联网，开启万物互联时代（开卷知新）,吃活鱼更方便了,倡导理性与科学，凝聚全球抗疫合力（患难见真情共同抗疫情）,03_17
彰显蓬勃力量绽放绚丽之花,浓墨重彩书写依规治党新篇章,讲好中国抗疫故事（人民论坛）,生命之舱（抗疫一线的故事）,谢谢，最美逆行者！,经受住大考（思想纵横）,李克强主持召开国务院常务会议,早春木棉红,用全面辩证长远眼光看待我国发展（深入学习贯彻习近平新时代中国特色社会主义思想）,习近平同巴基斯坦总统阿尔维会谈,精准查摆化危为机（一线视角）,美方制造矛盾的错误心态贻害无穷(钟声),中国抗疫体现大国担当（新论）,为稳定全球供应链贡献中国力量（评论员观察）,凝聚同心战疫的磅礴力量,以行动书写青春篇章,保证援鄂医疗队“有序、安全、顺利”撤回,奋斗的青春分外美（一线抗疫群英谱·青春力量）,“美国发展史就是一部印第安人血泪史”（深度观察）,筑牢艺考招生公平之基（人民时评）,中方针对美方打压中国媒体驻美机构行为采取反制措施,疫苗等科研攻关获进展(国务院联防联控机制发布会),向新家进发,美国各界批评涉疫情歧视言论,促进实物消费和服务消费回补（新知新觉）,习近平同西班牙首相桑切斯通电话,浓墨重彩书写依规治党新篇章,心怀感恩真情相助（一方有难八方支援）,中华人民共和国和巴基斯坦伊斯兰共和国关于深化中巴全天候战略合作伙伴关系的联合声明,加快在建和新开工项目建设进度（统筹抓好改革发展稳定各项工作）,03_18
分析国内外新冠肺炎疫情防控和经济形势,中国抗疫彰显负责任大国担当,让青春在坚守初心中绽放（人民论坛）,增强使命担当投身脱贫攻坚（声音）,遵义，整体脱贫,我国经济运行必将回归常态（经济新方位）,更好发挥数字化抗疫作用（人民时评）,ECMO，紧急大驰援（来自疫情防控一线的报道）,以辩证思维把握宏观调控政策（新论）,让被需要的幸福常在（暖闻热评）,“人权卫士”实为人权灾难制造者（钟声）,秉持人类命运共同体理念抗击疫情（人民要论）,依法全面禁止食用野生动物保障人民群众生命健康安全,英雄归来,积极有序推进复工复产,疫情防控体现我国经济体制优势（大家手笔）,青春闪亮最前线（一线抗疫群英谱·青春力量）,李克强同欧盟委员会主席冯德莱恩通电话,让农民安心春耕备耕（政策解读·有序恢复生产生活秩序）,中国人民的团结精神令人感佩（国际论坛）,多措并举提振消费（国务院联防联控机制发布会）,湖北规上工业企业复工率近50%（来自疫情防控一线的报道）,当好乡村守护人（中国道路中国梦）,大街小巷又闻书香（解码）,战疫不误农时,降低疫情影响决战脱贫攻坚（人民政协新实践）,复工复产助战疫,筑牢祖国北方重要生态安全屏障（有的放矢）,“中国积累的宝贵防控经验使世界各国受益”（患难见真情共同抗疫情）,我们的心声,03_19
决不能让来之不易的持续向好形势发生逆转,不负春光复工忙(统筹抓好改革发展稳定各项工作),珍爱春光贵在勤（人民论坛）,部署调整优化防控措施进一步精准防范疫情跨境输入输出,必须抵御污名化之毒（钟声）,习近平同俄罗斯总统普京通电话,新型基础设施建设拓展创新发展空间（新论）,感受战疫中语言的力量,关于群众反映的涉及李文亮医生有关情况调查的通报,国家监委调查组负责人就群众反映的涉及李文亮医生的有关情况依法开展调查答记者问,数字存储打开想象空间（新知）,让更多农民工有活干有钱赚（政策解读·有序恢复生产生活秩序）,提升疫情防控科学素养（一线视角）,智能化助力复工复产,爱心暖城（英雄的城市英雄的人民）,为疫情防控和经济社会发展汇聚科技力量（深入学习贯彻习近平新时代中国特色社会主义思想）,红蕖还向月中开,开展国际合作携手抗击疫情（人民时评）,云南独龙族等9个“直过民族”和人口较少民族实现整族脱贫,高度重视科研攻关（大家手笔）,倾情描绘中国工业新征程,看这条产业链上下游怎样打通（人民眼·产业链协同复工复产）,发挥法治在疫情防控中的保障作用（新知新觉）,无人机背后的大应用（微观）,真朋友，双手紧握（大使随笔）,用高水平医疗力量打一场高水平的救治攻坚战,加大疫情防控期间金融支持力度（有的放矢）,中央脱贫攻坚专项巡视“回头看”完成反馈,首次无新增本土确诊病例（国务院联防联控机制发布会）,2月份全国减免三项社会保险费逾1200亿元,03_20
攻坚,加快建立同疫情防控相适应的经济社会运行秩序,金川的花季,西山村,闯关夺隘再向前（经济长期向好的基本面没有改变④）,在精准防控疫情的同时积极有序推进复工复产,大道不孤人类必胜(和音),留下抗疫记忆,“困难时，才知道谁是真朋友”(患难见真情共同抗疫情),特征鲜明的屈家岭文化,一点二万名支援湖北医务人员撤离(国务院联防联控机制发布会),严格防护筛查有序开放门诊(来自疫情防控一线的报道）,千方百计加快恢复和稳定就业,化“腐朽”为“神奇”（匠心独运）,广东打通复工复产堵点(统筹抓好改革发展稳定各项工作),孙德顺严重违纪违法被开除党籍,敬佩中国速度与担当,感谢有你,十九届中央第三轮巡视公布十五家单位整改情况,强化稳就业举措应对新冠肺炎疫情影响,检修设备达产达效,“他们救护患者，我们守护医院”（一线抗疫群英谱·青春力量）,春分时节农机声声,建档立卡贫困户危房改造6月底前竣工,百日千万网络招聘启动,为居民买药送药争分夺秒（一线抗疫群英谱·青春力量）,外国政党政要高度评价中方积极支持其他国家抗击疫情,中日韩举行特别外长视频会议,闯关夺隘再向前（经济长期向好的基本面没有改变④）,电力保障稳定充沛（统筹抓好改革发展稳定各项工作）,03_21
坚决把党中央对困难群众的关怀落到实处,长期向好信心足（经济长期向好的基本面没有改变⑤）,扎根脱贫一线贡献青春力量（青春派·青春奋进新时代(12)）,壮志如虹青春似火,为了人与书的美好相遇（五洲茶亭）,习近平向法国总统马克龙致慰问电,“必须时时刻刻跟上中国发展的脚步”（海客谈神州）,十九届中央第三轮巡视再公布十五家单位整改情况,不分昼夜全力保供（来自疫情防控一线的报道）,追逐阳光的“少年”,洋山港吞吐忙,武汉汉口火车站全面消毒,绝大部分地区“健康码”互认通行,中纳友谊必将历久弥新（大使随笔）,主动请战奋勇抗疫（来自疫情防控一线的报道）,全国政协召开双周协商座谈会,武汉零新增病例给世界以希望,再危险，也要勇往直前（一线抗疫群英谱）,习近平向德国总理默克尔致慰问电,中国经济正在重返正轨,“青春迷彩”闪耀抗疫一线,中欧班列复工率已达90%以上（患难见真情共同抗疫情）,习近平向西班牙国王费利佩六世致慰问电,特警坚守一线护卫生命通道,践行誓言勇往直前（金台点兵）,我国1.1万个重点项目复工率近九成,习近平向塞尔维亚总统武契奇致慰问电,北京区级定点医院将恢复日常医疗服务,长期向好信心足（经济长期向好的基本面没有改变⑤）,王毅分别同英国首席大臣兼外交大臣和匈牙利、希腊、摩洛哥外长通电话,03_22
用全面辩证长远的眼光看待我国发展,带头是最有力的动员（人民论坛）,荆楚大地农事忙,平凡的岗位，不平凡的坚守（大家谈·同心打赢疫情防控阻击战⑥）,美方政治偏见误己害人（钟声）,相亲相爱一家人,看海,“铁杆朋友，风雨同行”,让全民医保更好保障病有所医（人民时评）,让返岗复工的路更温暖（今日谈）,共同战胜风险挑战共建地球美好家园（新论）,战疫成效证明中国制度优势（国际论坛）,十九届中央第三轮巡视整改进展情况全部公布,图片报道,筑牢国境卫生检疫的法治防线（人民时评）,各行各业积极恢复生产生活秩序（统筹抓好改革发展稳定各项工作）,来论,深化制度史研究正逢其时（构建中国特色哲学社会科学）,抗疫“姐妹团”,把握制度史研究的着力点（大家手笔）,中共中央致电祝贺老挝人民革命党成立65周年,维护良好秩序从身边小事做起（来信综述·面对疫情，我们怎么做⑤）,以宏阔视野研究制度史（学苑论衡）,建议,疫情冲击不改中国经济长期向好大势（财经眼）,“期待到访美丽中国”,习近平同纳米比亚总统根哥布互致贺电,农资重点企业复工率已达88%,进京国际航班从12个指定城市入境,抗击疫情需要国际社会团结协作（患难见真情共同抗疫情）,03_23
危难时刻见精神（人民论坛）,针对疫情变化部署外防输入内防反弹措施,海南自贸港建设加速推进（统筹抓好改革发展稳定各项工作）,在防疫条件下积极有序推进春季造林绿化工作,从“宅生活”到“宅经济”（金台随笔）,习近平同法国总统马克龙通电话,新型基础设施建设正当其时（人民时评）,向最后的贫困堡垒发起总攻（声音）,夺取双胜利关键在统筹（人民要论）,平凡岗位上的英雄担当（暖闻热评）,建设好让人民满意的高质量城市（新论）,听，土地深处的歌（名师谈艺）,习近平同英国首相约翰逊通电话,稳就业基础条件没改变,英雄，“你们的名字我都存了档”,筑就坚强的社会心理防线（大家手笔）,靠科技和智慧战胜疫情（一线抗疫群英谱·青春力量）,赋能文化传播展现美好生活（高峰之路）,“健康丝绸之路”为生命护航（和音）,习近平同埃及总统塞西通电话,生态农田春意浓,党员捐款彰显忠诚担当（红船观澜）,同舟共济守望相助（大使随笔）,超九成患者使用中医药治疗,发挥数字经济平台独特优势（新知新觉）,做好疫情防控社区心理疏导（有的放矢）,古树有了更严保护,毫不放松疫情防控有序恢复正常医疗秩序,隔窗相送情谊永恒,目的地为北京的国际航班调整总体平稳（国务院联防联控机制发布会）,03_24
鼓足劲，迈向“双胜利”（统筹抓好改革发展稳定各项工作）,把握向好大势（人民时评）,守土有责守土有方（人民论坛）,抓落实必须克服形式主义和官僚主义,李克强主持召开国务院常务会议,爱的温暖和力量（抗疫一线的故事）,招商，服务比“优惠”更重要（声音）,推进复工复产要下“绣花”功夫（一线视角）,不断增强抓党支部建设的“硬核”能力,你的眼神，鼓舞了我,充分释放发展的巨大潜力和强大动能（人民要论）,国际主流媒体反对借疫情污名化中国（患难见真情共同抗疫情）,数字金融精准服务中小微企业（新论）,图片报道,三道防线抵御境外输入风险（国务院联防联控机制发布会）,新证券法助力中国经济转型升级,有序恢复生产生活秩序（大家手笔）,习近平同巴西总统博索纳罗通电话,“武汉，我们回来了！”,中小企业干劲大信心足（政策解读·有序恢复生产生活秩序）,让合作的阳光驱散疫情的阴霾（和音）,习近平同哈萨克斯坦总统托卡耶夫通电话,选择团结协作才是正解（国际论坛）,武汉以外地区解除离鄂通道管控,习近平同波兰总统杜达通电话,全部集中隔离观察做核酸检测,武汉地铁即将恢复运营,彰显中医药战疫独特疗效（一线抗疫群英谱·青春力量）,破解小微企业融资难题（有的放矢）,打好武汉生活物资供应保障战（人民眼·武汉保卫战）,03_25
风雨无阻向前进,疫情防控决不能掉以轻心,在一线长才干练本领（评论员观察）,保持如履薄冰的谨慎（人民论坛）,习近平将出席二十国集团领导人应对新冠肺炎特别峰会,复工复产按下“快进键”（统筹抓好改革发展稳定各项工作）,尽锐出战攻克深度贫困堡垒（声音）,进一步坚定制度自信（深入学习贯彻习近平新时代中国特色社会主义思想）,让作风实一点再实一点（大家手笔）,政策组合拳促进稳就业（权威发布）,尽快畅通经济社会循环（一线视角）,习近平同德国总理默克尔通电话,读懂观众，才能赢得观众（云”文艺·如何持续发力（1））,让所有学生享受到网课的便利（微观）,弘扬伙伴精神共护人类家园（和音）,保供应，充实群众餐桌,抓住人物特征展现英模本色,讲述真实的故事传递力量和希望（光影视界）,充分利用网络招聘形式全力促进就业大局稳定,凝聚抗疫合力提振全球信心（患难见真情共同抗疫情）,加快形成绿色发展方式和生活方式（有的放矢）,推动新型城镇化高质量发展（新知新觉）,城市主干路建设正加速,风雨无阻向前进,让乡村更美更宜居（小康路上·绿色力量）,群众信任是干事的底气（一线行走）,抢抓农时,“凡人”英雄最让人感动（民生观）,社区治理微循环如何打通（法治头条·对话社会治理①）,让白衣战士感受回家的温暖,03_26
习近平出席二十国集团领导人应对新冠肺炎特别峰会并发表重要讲话,携手抗疫共克时艰,中共中央国务院关于全面加强新时代大中小学劳动教育的意见,二十国集团领导人应对新冠肺炎特别峰会声明,加强疫情防控国际合作稳定世界经济,凝聚起战胜疫情强大合力,科学素养也是“免疫力”（人民时评）,精准防疫，让城市动起来（人民时评）,打造当代通俗文学经典（高峰之路）,统筹抓好疫情防控和复工复产,迎来生机勃勃的春天,化危为机释放经济潜能（新论）,涛拍孤岛岸风颂赤子心,以更大决心更强力度推进脱贫攻坚（深入学习贯彻习近平新时代中国特色社会主义思想）,习近平复信世界卫生组织总干事谭德塞,要求严格落实防止境内疫情反弹各项措施进一步做好境外疫情经陆路水路输入风险防控工作,致敬“热血建设者”（暖闻热评）,进一步完善城乡基层治理（新知新觉）,每个冬天过后都是春暖花开,北京守护历史文化遗产金名片（人民眼·传承城市文脉）,“90后”女孩返乡助学,我国已援助八十九个国家和四个国际组织（权威发布）,一鼓作气实现脱贫目标（思想纵横）,筑牢脱贫攻坚兜底保障的坚固防线,黑土地上春耕忙（一线视角）,凝聚共同抗击疫情强大力量（有的放矢）,发力新基建培育新动能（统筹抓好改革发展稳定各项工作）,小院见证生活变迁,患难见真情共同抗疫情（记者观察）,咬紧牙关攻坚克难加强重症患者救治,03_27
中共中央政治局召开会议,大武汉颂,致敬英雄（外一首）,命运与共，团结合作方可共克时艰,携手赢得这场人类同重大传染性疾病的斗争,防止疫后放松的心情提前到来（人民论坛）,习近平同美国总统特朗普通电话,展现出负责任大国担当,春色香舌尖,口罩里的防疫史,处处闻啼鸟鹿门已春晓（跟着唐诗宋词去旅游）,加快释放需求扩大居民消费(政策解读),对三家美媒发行人联名公开信复信,消毒剂如何正确用,国务院任免国家工作人员,奋力描绘新时代西藏发展新画卷,姜国文严重违纪违法被开除党籍和公职,就美国所谓“2019年台北法案”签署成法发表声明,严防输入风险,习近平同沙特国王萨勒曼通电话,图片报道,讲好中国抗疫故事强信心暖人心聚民心,一起为大地添绿（统筹抓好改革发展稳定各项工作）,外交部敦促美方不得实施“2019年台北法案”,夏粮苗情好春播进度快（国务院联防联控机制发布会）,就三家美国媒体发行人公开信向有关媒体提出严正交涉,图片报道,通了高速路牧区穷变富,“疫情当前，我们必须站出来”（让党旗在防控疫情斗争第一线高高飘扬）,李克强分别同克罗地亚总理、奥地利总理通电话,03_28
